node_id,label,label_int,stance_int
0,human,0,1
1,human,0,2
2,human,0,0
3,bot,1,0
4,human,0,2
5,human,0,1
6,human,0,1
7,bot,1,0
8,human,0,0
9,human,0,2
10,human,0,2
11,human,0,1
12,human,0,1
13,human,0,0
14,bot,1,0
15,human,0,1
16,human,0,0
17,human,0,2
18,human,0,2
19,human,0,2
20,human,0,0
21,human,0,1
22,human,0,1
23,human,0,1
24,human,0,1
25,human,0,1
26,human,0,0
27,human,0,2
28,human,0,0
29,bot,1,1
30,human,0,0
31,human,0,1
32,bot,1,1
33,human,0,2
34,human,0,0
35,bot,1,0
36,human,0,0
37,human,0,1
38,human,0,1
39,human,0,2
40,human,0,2
41,human,0,2
42,human,0,1
43,human,0,2
44,human,0,1
45,human,0,1
46,human,0,0
47,human,0,0
48,human,0,1
49,bot,1,0
50,bot,1,2
51,human,0,2
52,human,0,2
53,bot,1,1
54,bot,1,2
55,human,0,2
56,human,0,1
57,human,0,0
58,human,0,1
59,human,0,0
60,bot,1,1
61,human,0,0
62,bot,1,2
63,human,0,2
64,human,0,1
65,human,0,2
66,bot,1,1
67,human,0,0
68,bot,1,0
69,human,0,0
70,human,0,1
71,human,0,1
72,human,0,2
73,human,0,1
74,human,0,0
75,human,0,2
76,human,0,1
77,human,0,1
78,bot,1,2
79,bot,1,1
80,human,0,1
81,human,0,2
82,bot,1,1
83,bot,1,0
84,human,0,2
85,human,0,0
86,human,0,1
87,bot,1,1
88,human,0,2
89,bot,1,0
90,human,0,1
91,human,0,0
92,human,0,2
93,human,0,0
94,human,0,0
95,human,0,2
96,human,0,1
97,human,0,1
98,human,0,1
99,human,0,2
100,human,0,0
101,human,0,0
102,human,0,1
103,human,0,1
104,human,0,1
105,human,0,0
106,human,0,1
107,human,0,0
108,human,0,0
109,bot,1,1
110,human,0,0
111,bot,1,2
112,bot,1,0
113,human,0,2
114,human,0,1
115,bot,1,0
116,human,0,2
117,human,0,1
118,human,0,1
119,bot,1,0
120,human,0,1
121,human,0,1
122,bot,1,2
123,human,0,1
124,bot,1,1
125,human,0,1
126,bot,1,0
127,bot,1,0
128,bot,1,2
129,bot,1,1
130,human,0,1
131,bot,1,1
132,human,0,2
133,human,0,2
134,human,0,0
135,bot,1,0
136,human,0,2
137,human,0,1
138,human,0,1
139,human,0,0
140,human,0,1
141,bot,1,2
142,human,0,0
143,human,0,1
144,human,0,1
145,bot,1,0
146,bot,1,1
147,human,0,0
148,bot,1,0
149,human,0,0
150,bot,1,1
151,human,0,2
152,human,0,2
153,human,0,0
154,human,0,1
155,human,0,0
156,human,0,0
157,human,0,2
158,human,0,1
159,human,0,0
160,bot,1,0
161,human,0,2
162,human,0,1
163,bot,1,0
164,human,0,2
165,human,0,2
166,human,0,1
167,human,0,1
168,human,0,2
169,bot,1,1
170,human,0,0
171,human,0,1
172,bot,1,2
173,human,0,2
174,bot,1,0
175,human,0,1
176,human,0,0
177,human,0,0
178,bot,1,0
179,human,0,1
180,human,0,1
181,human,0,1
182,human,0,1
183,bot,1,1
184,human,0,0
185,human,0,0
186,human,0,2
187,bot,1,1
188,human,0,0
189,human,0,0
190,bot,1,0
191,bot,1,0
192,human,0,2
193,human,0,1
194,human,0,0
195,human,0,0
196,human,0,2
197,human,0,0
198,bot,1,0
199,human,0,2
200,bot,1,0
201,human,0,1
202,human,0,2
203,bot,1,0
204,human,0,1
205,human,0,0
206,bot,1,2
207,human,0,1
208,bot,1,0
209,human,0,0
210,human,0,2
211,bot,1,0
212,bot,1,1
213,human,0,2
214,bot,1,2
215,human,0,0
216,human,0,2
217,human,0,2
218,human,0,0
219,human,0,1
220,human,0,2
221,human,0,0
222,human,0,1
223,human,0,0
224,bot,1,1
225,human,0,0
226,human,0,1
227,bot,1,2
228,human,0,2
229,human,0,0
230,human,0,1
231,human,0,1
232,bot,1,2
233,bot,1,0
234,human,0,2
235,human,0,1
236,bot,1,1
237,human,0,0
238,human,0,2
239,bot,1,0
240,human,0,1
241,bot,1,0
242,human,0,1
243,bot,1,0
244,human,0,2
245,human,0,0
246,human,0,1
247,human,0,2
248,bot,1,1
249,human,0,2
250,human,0,2
251,bot,1,1
252,human,0,0
253,human,0,2
254,human,0,0
255,human,0,2
256,bot,1,0
257,bot,1,0
258,human,0,2
259,human,0,2
260,bot,1,1
261,bot,1,2
262,bot,1,0
263,human,0,1
264,human,0,0
265,bot,1,0
266,human,0,1
267,human,0,1
268,human,0,0
269,human,0,0
270,human,0,0
271,human,0,1
272,human,0,1
273,bot,1,1
274,human,0,2
275,human,0,0
276,human,0,0
277,human,0,2
278,bot,1,1
279,human,0,2
280,bot,1,1
281,human,0,1
282,human,0,0
283,human,0,2
284,bot,1,0
285,human,0,2
286,human,0,1
287,human,0,1
288,human,0,0
289,human,0,0
290,human,0,0
291,human,0,1
292,human,0,1
293,human,0,0
294,bot,1,2
295,bot,1,0
296,bot,1,0
297,bot,1,2
298,human,0,2
299,bot,1,2
300,bot,1,0
301,bot,1,1
302,human,0,0
303,human,0,0
304,human,0,2
305,human,0,2
306,human,0,1
307,bot,1,0
308,human,0,2
309,human,0,2
310,human,0,1
311,human,0,1
312,bot,1,2
313,human,0,0
314,bot,1,0
315,human,0,2
316,bot,1,0
317,human,0,1
318,bot,1,0
319,bot,1,0
320,bot,1,1
321,human,0,0
322,human,0,1
323,bot,1,1
324,bot,1,2
325,bot,1,0
326,human,0,1
327,human,0,0
328,human,0,1
329,bot,1,0
330,bot,1,0
331,human,0,2
332,human,0,0
333,human,0,0
334,human,0,0
335,bot,1,1
336,human,0,0
337,human,0,2
338,human,0,2
339,bot,1,2
340,human,0,1
341,human,0,0
342,human,0,0
343,human,0,1
344,human,0,2
345,bot,1,2
346,human,0,2
347,bot,1,0
348,human,0,0
349,human,0,0
350,bot,1,2
351,human,0,1
352,human,0,1
353,bot,1,0
354,human,0,0
355,bot,1,0
356,human,0,1
357,human,0,2
358,human,0,2
359,human,0,0
360,human,0,2
361,human,0,0
362,bot,1,0
363,human,0,0
364,human,0,2
365,human,0,1
366,human,0,1
367,human,0,2
368,human,0,2
369,human,0,1
370,human,0,1
371,bot,1,2
372,human,0,0
373,human,0,2
374,bot,1,0
375,human,0,1
376,bot,1,0
377,bot,1,1
378,bot,1,2
379,human,0,0
380,human,0,2
381,bot,1,2
382,human,0,0
383,human,0,0
384,human,0,0
385,human,0,1
386,bot,1,2
387,bot,1,2
388,bot,1,1
389,human,0,1
390,bot,1,1
391,bot,1,1
392,human,0,1
393,bot,1,2
394,human,0,1
395,bot,1,0
396,bot,1,0
397,bot,1,0
398,bot,1,0
399,human,0,1
400,human,0,1
401,human,0,0
402,human,0,0
403,bot,1,0
404,human,0,0
405,human,0,1
406,human,0,0
407,human,0,2
408,human,0,2
409,human,0,0
410,bot,1,0
411,human,0,1
412,human,0,1
413,human,0,2
414,human,0,0
415,human,0,0
416,human,0,0
417,bot,1,2
418,human,0,1
419,human,0,2
420,human,0,1
421,human,0,1
422,bot,1,0
423,human,0,1
424,bot,1,1
425,human,0,1
426,human,0,2
427,bot,1,1
428,bot,1,0
429,human,0,2
430,human,0,1
431,human,0,0
432,bot,1,1
433,human,0,1
434,human,0,0
435,human,0,2
436,human,0,1
437,human,0,0
438,human,0,2
439,bot,1,1
440,human,0,1
441,human,0,1
442,human,0,1
443,human,0,0
444,human,0,0
445,human,0,0
446,human,0,2
447,bot,1,2
448,human,0,1
449,human,0,2
450,human,0,0
451,human,0,1
452,bot,1,0
453,human,0,2
454,human,0,2
455,human,0,1
456,human,0,2
457,human,0,2
458,human,0,2
459,human,0,1
460,human,0,0
461,human,0,1
462,human,0,1
463,human,0,2
464,human,0,0
465,human,0,2
466,human,0,1
467,human,0,1
468,human,0,0
469,human,0,0
470,human,0,1
471,human,0,1
472,human,0,0
473,human,0,0
474,human,0,2
475,human,0,2
476,bot,1,0
477,bot,1,1
478,human,0,2
479,human,0,2
480,human,0,0
481,human,0,2
482,human,0,1
483,human,0,1
484,human,0,2
485,human,0,1
486,bot,1,2
487,human,0,2
488,human,0,1
489,human,0,2
490,human,0,0
491,human,0,1
492,human,0,0
493,bot,1,2
494,human,0,0
495,bot,1,0
496,bot,1,1
497,human,0,0
498,human,0,0
499,bot,1,1
500,bot,1,1
501,human,0,0
502,human,0,0
503,bot,1,1
504,human,0,0
505,human,0,1
506,bot,1,0
507,human,0,1
508,human,0,0
509,bot,1,2
510,human,0,2
511,bot,1,1
512,bot,1,0
513,human,0,1
514,bot,1,1
515,human,0,2
516,human,0,2
517,bot,1,1
518,human,0,1
519,human,0,0
520,human,0,2
521,human,0,0
522,bot,1,0
523,human,0,2
524,human,0,0
525,human,0,2
526,bot,1,1
527,bot,1,0
528,bot,1,2
529,human,0,0
530,human,0,0
531,human,0,1
532,human,0,0
533,human,0,0
534,human,0,1
535,human,0,1
536,bot,1,1
537,human,0,2
538,bot,1,2
539,human,0,2
540,human,0,0
541,human,0,1
542,bot,1,0
543,bot,1,1
544,human,0,0
545,human,0,2
546,human,0,0
547,human,0,1
548,human,0,2
549,human,0,0
550,human,0,0
551,human,0,1
552,bot,1,0
553,human,0,2
554,bot,1,0
555,human,0,1
556,bot,1,0
557,human,0,1
558,human,0,1
559,human,0,1
560,human,0,1
561,human,0,1
562,human,0,1
563,human,0,0
564,bot,1,0
565,bot,1,0
566,human,0,1
567,human,0,2
568,bot,1,0
569,human,0,0
570,human,0,0
571,human,0,1
572,human,0,1
573,bot,1,1
574,human,0,2
575,human,0,2
576,bot,1,0
577,human,0,2
578,human,0,1
579,human,0,0
580,human,0,2
581,human,0,0
582,bot,1,0
583,human,0,2
584,bot,1,0
585,human,0,0
586,human,0,0
587,bot,1,0
588,human,0,0
589,human,0,1
590,bot,1,1
591,human,0,1
592,human,0,0
593,human,0,1
594,human,0,2
595,human,0,1
596,bot,1,1
597,bot,1,1
598,human,0,0
599,bot,1,1
600,human,0,1
601,human,0,1
602,human,0,1
603,bot,1,2
604,human,0,1
605,human,0,1
606,bot,1,0
607,bot,1,2
608,human,0,0
609,human,0,0
610,human,0,0
611,bot,1,0
612,human,0,0
613,human,0,0
614,bot,1,2
615,human,0,0
616,human,0,0
617,human,0,0
618,human,0,0
619,human,0,0
620,human,0,0
621,human,0,2
622,human,0,1
623,human,0,2
624,human,0,0
625,bot,1,0
626,human,0,1
627,human,0,0
628,human,0,0
629,bot,1,1
630,human,0,1
631,human,0,0
632,human,0,0
633,human,0,1
634,human,0,1
635,human,0,1
636,bot,1,2
637,bot,1,0
638,human,0,2
639,human,0,1
640,bot,1,0
641,human,0,2
642,human,0,0
643,human,0,1
644,human,0,1
645,human,0,1
646,bot,1,1
647,bot,1,1
648,bot,1,2
649,human,0,1
650,human,0,0
651,human,0,1
652,human,0,1
653,human,0,1
654,bot,1,0
655,human,0,2
656,human,0,0
657,human,0,1
658,human,0,1
659,human,0,0
660,human,0,0
661,human,0,0
662,human,0,1
663,human,0,1
664,human,0,0
665,human,0,2
666,human,0,2
667,human,0,1
668,human,0,0
669,human,0,2
670,human,0,1
671,human,0,2
672,human,0,0
673,bot,1,0
674,human,0,2
675,human,0,1
676,human,0,0
677,human,0,1
678,human,0,1
679,human,0,1
680,human,0,1
681,human,0,1
682,human,0,0
683,human,0,2
684,human,0,1
685,human,0,1
686,human,0,2
687,human,0,2
688,bot,1,0
689,human,0,1
690,bot,1,2
691,human,0,0
692,human,0,2
693,human,0,1
694,human,0,2
695,human,0,0
696,human,0,1
697,bot,1,1
698,bot,1,2
699,human,0,0
700,human,0,1
701,bot,1,2
702,human,0,0
703,human,0,1
704,human,0,2
705,human,0,2
706,bot,1,0
707,bot,1,1
708,bot,1,1
709,human,0,0
710,human,0,1
711,human,0,2
712,bot,1,0
713,bot,1,0
714,human,0,1
715,human,0,0
716,human,0,1
717,human,0,0
718,bot,1,1
719,bot,1,1
720,human,0,1
721,bot,1,1
722,human,0,2
723,human,0,2
724,bot,1,0
725,human,0,0
726,human,0,2
727,human,0,2
728,human,0,2
729,bot,1,1
730,human,0,2
731,human,0,2
732,human,0,1
733,human,0,2
734,bot,1,0
735,human,0,0
736,human,0,1
737,human,0,0
738,human,0,1
739,bot,1,0
740,human,0,2
741,bot,1,0
742,bot,1,0
743,human,0,0
744,human,0,0
745,human,0,1
746,bot,1,0
747,bot,1,0
748,human,0,1
749,human,0,2
750,human,0,2
751,bot,1,1
752,human,0,2
753,human,0,1
754,bot,1,0
755,bot,1,0
756,human,0,2
757,bot,1,0
758,human,0,1
759,human,0,0
760,human,0,1
761,human,0,1
762,human,0,1
763,human,0,2
764,human,0,2
765,human,0,1
766,human,0,0
767,human,0,0
768,human,0,2
769,bot,1,0
770,human,0,1
771,bot,1,2
772,bot,1,2
773,human,0,1
774,bot,1,0
775,human,0,2
776,bot,1,2
777,human,0,2
778,bot,1,1
779,bot,1,2
780,human,0,2
781,human,0,2
782,human,0,0
783,human,0,2
784,human,0,2
785,human,0,2
786,human,0,1
787,human,0,0
788,human,0,1
789,bot,1,0
790,human,0,1
791,bot,1,0
792,human,0,1
793,human,0,2
794,bot,1,2
795,bot,1,0
796,human,0,1
797,human,0,2
798,bot,1,0
799,bot,1,1
800,human,0,0
801,human,0,0
802,human,0,1
803,human,0,2
804,bot,1,1
805,human,0,1
806,human,0,1
807,human,0,1
808,bot,1,1
809,human,0,0
810,bot,1,0
811,human,0,1
812,human,0,0
813,human,0,1
814,human,0,1
815,human,0,0
816,bot,1,1
817,human,0,2
818,bot,1,1
819,human,0,1
820,bot,1,2
821,human,0,0
822,human,0,1
823,human,0,0
824,human,0,0
825,human,0,2
826,bot,1,2
827,human,0,1
828,human,0,0
829,human,0,1
830,human,0,1
831,human,0,1
832,human,0,1
833,human,0,0
834,human,0,1
835,bot,1,0
836,human,0,2
837,human,0,1
838,bot,1,0
839,human,0,2
840,human,0,0
841,human,0,2
842,human,0,0
843,bot,1,1
844,human,0,0
845,human,0,0
846,human,0,1
847,human,0,1
848,human,0,2
849,human,0,1
850,bot,1,0
851,human,0,2
852,human,0,0
853,human,0,2
854,human,0,2
855,human,0,1
856,human,0,2
857,human,0,2
858,human,0,1
859,human,0,1
860,human,0,0
861,human,0,1
862,human,0,1
863,human,0,2
864,bot,1,1
865,human,0,2
866,bot,1,2
867,bot,1,0
868,bot,1,0
869,human,0,2
870,bot,1,0
871,human,0,2
872,human,0,2
873,human,0,2
874,bot,1,1
875,human,0,1
876,human,0,0
877,human,0,1
878,bot,1,1
879,human,0,2
880,bot,1,0
881,human,0,2
882,human,0,1
883,human,0,1
884,human,0,0
885,human,0,2
886,human,0,1
887,bot,1,0
888,human,0,0
889,human,0,2
890,human,0,0
891,human,0,2
892,bot,1,0
893,human,0,2
894,bot,1,1
895,human,0,0
896,human,0,0
897,human,0,2
898,human,0,1
899,bot,1,0
900,bot,1,0
901,human,0,1
902,human,0,0
903,human,0,0
904,human,0,1
905,human,0,2
906,human,0,0
907,bot,1,2
908,human,0,0
909,human,0,2
910,human,0,2
911,human,0,0
912,human,0,0
913,human,0,1
914,human,0,0
915,human,0,1
916,bot,1,1
917,human,0,1
918,human,0,2
919,human,0,0
920,human,0,0
921,human,0,2
922,bot,1,0
923,human,0,1
924,bot,1,0
925,human,0,0
926,human,0,2
927,human,0,2
928,human,0,0
929,human,0,1
930,bot,1,2
931,human,0,2
932,human,0,1
933,human,0,2
934,bot,1,1
935,human,0,1
936,human,0,0
937,human,0,2
938,bot,1,0
939,bot,1,1
940,human,0,2
941,human,0,2
942,human,0,0
943,human,0,0
944,human,0,0
945,bot,1,0
946,bot,1,2
947,bot,1,1
948,human,0,1
949,human,0,0
950,human,0,0
951,bot,1,1
952,bot,1,1
953,human,0,0
954,human,0,2
955,human,0,1
956,human,0,0
957,bot,1,0
958,bot,1,1
959,bot,1,0
960,human,0,1
961,bot,1,2
962,human,0,2
963,human,0,0
964,human,0,0
965,human,0,2
966,human,0,1
967,human,0,1
968,human,0,2
969,human,0,1
970,human,0,0
971,bot,1,2
972,bot,1,1
973,bot,1,0
974,human,0,0
975,human,0,0
976,human,0,0
977,human,0,2
978,human,0,2
979,bot,1,2
980,human,0,2
981,bot,1,1
982,human,0,0
983,human,0,2
984,human,0,1
985,bot,1,2
986,human,0,1
987,human,0,2
988,bot,1,2
989,human,0,1
990,human,0,2
991,human,0,2
992,human,0,1
993,human,0,1
994,human,0,1
995,human,0,2
996,human,0,1
997,bot,1,2
998,bot,1,0
999,human,0,1
1000,human,0,1
1001,human,0,1
1002,human,0,1
1003,bot,1,0
1004,human,0,0
1005,bot,1,2
1006,human,0,0
1007,human,0,0
1008,human,0,1
1009,bot,1,2
1010,human,0,2
1011,human,0,0
1012,bot,1,1
1013,bot,1,1
1014,human,0,0
1015,human,0,1
1016,bot,1,0
1017,bot,1,1
1018,bot,1,0
1019,human,0,0
1020,bot,1,1
1021,bot,1,0
1022,human,0,1
1023,human,0,0
1024,human,0,1
1025,human,0,1
1026,human,0,1
1027,bot,1,0
1028,human,0,1
1029,human,0,0
1030,bot,1,0
1031,human,0,1
1032,bot,1,0
1033,human,0,2
1034,human,0,0
1035,human,0,0
1036,human,0,0
1037,bot,1,2
1038,human,0,0
1039,bot,1,0
1040,bot,1,0
1041,bot,1,0
1042,bot,1,1
1043,human,0,0
1044,bot,1,0
1045,human,0,2
1046,human,0,0
1047,human,0,1
1048,bot,1,1
1049,bot,1,1
1050,human,0,0
1051,bot,1,0
1052,bot,1,0
1053,human,0,1
1054,human,0,2
1055,human,0,2
1056,human,0,1
1057,human,0,0
1058,bot,1,2
1059,human,0,2
1060,human,0,2
1061,human,0,1
1062,human,0,2
1063,human,0,0
1064,human,0,1
1065,bot,1,0
1066,human,0,1
1067,human,0,0
1068,human,0,0
1069,human,0,2
1070,bot,1,0
1071,human,0,0
1072,bot,1,2
1073,human,0,2
1074,bot,1,0
1075,human,0,0
1076,human,0,0
1077,human,0,2
1078,bot,1,1
1079,human,0,1
1080,human,0,2
1081,human,0,2
1082,human,0,0
1083,human,0,0
1084,human,0,2
1085,human,0,1
1086,human,0,0
1087,human,0,0
1088,human,0,0
1089,human,0,2
1090,human,0,1
1091,bot,1,0
1092,human,0,0
1093,human,0,0
1094,human,0,1
1095,bot,1,1
1096,human,0,2
1097,human,0,0
1098,bot,1,0
1099,human,0,2
1100,human,0,2
1101,bot,1,0
1102,bot,1,0
1103,human,0,1
1104,human,0,0
1105,human,0,1
1106,human,0,1
1107,human,0,2
1108,bot,1,0
1109,human,0,1
1110,human,0,1
1111,human,0,1
1112,bot,1,2
1113,bot,1,2
1114,bot,1,0
1115,human,0,0
1116,human,0,0
1117,bot,1,1
1118,human,0,2
1119,bot,1,1
1120,human,0,1
1121,human,0,0
1122,human,0,1
1123,human,0,1
1124,human,0,2
1125,human,0,2
1126,human,0,1
1127,human,0,1
1128,bot,1,1
1129,human,0,2
1130,human,0,1
1131,human,0,0
1132,human,0,2
1133,human,0,1
1134,human,0,0
1135,human,0,1
1136,bot,1,2
1137,human,0,0
1138,human,0,0
1139,human,0,2
1140,bot,1,0
1141,human,0,0
1142,human,0,1
1143,human,0,2
1144,human,0,2
1145,human,0,2
1146,bot,1,1
1147,human,0,0
1148,human,0,0
1149,bot,1,0
1150,human,0,1
1151,human,0,0
1152,human,0,1
1153,bot,1,1
1154,human,0,2
1155,bot,1,1
1156,bot,1,0
1157,human,0,2
1158,human,0,0
1159,bot,1,0
1160,human,0,1
1161,human,0,2
1162,human,0,2
1163,human,0,0
1164,bot,1,1
1165,human,0,1
1166,human,0,1
1167,human,0,1
1168,bot,1,1
1169,human,0,1
1170,human,0,0
1171,human,0,2
1172,human,0,2
1173,human,0,0
1174,human,0,0
1175,bot,1,0
1176,human,0,2
1177,human,0,2
1178,human,0,1
1179,bot,1,1
1180,human,0,0
1181,human,0,2
1182,human,0,1
1183,human,0,0
1184,human,0,0
1185,bot,1,0
1186,human,0,0
1187,human,0,1
1188,bot,1,0
1189,bot,1,0
1190,human,0,1
1191,human,0,1
1192,bot,1,0
1193,human,0,2
1194,human,0,2
1195,bot,1,1
1196,human,0,0
1197,human,0,0
1198,human,0,2
1199,human,0,2
1200,human,0,0
1201,bot,1,0
1202,human,0,1
1203,human,0,1
1204,bot,1,2
1205,human,0,2
1206,bot,1,2
1207,human,0,0
1208,human,0,2
1209,human,0,0
1210,bot,1,1
1211,human,0,0
1212,human,0,1
1213,human,0,1
1214,human,0,0
1215,human,0,1
1216,human,0,1
1217,human,0,0
1218,human,0,2
1219,human,0,1
1220,human,0,0
1221,bot,1,1
1222,human,0,1
1223,human,0,2
1224,bot,1,2
1225,human,0,2
1226,human,0,0
1227,human,0,1
1228,human,0,2
1229,bot,1,1
1230,human,0,1
1231,human,0,2
1232,human,0,1
1233,human,0,2
1234,human,0,1
1235,human,0,1
1236,human,0,2
1237,human,0,2
1238,human,0,1
1239,human,0,0
1240,bot,1,2
1241,bot,1,0
1242,bot,1,1
1243,human,0,2
1244,human,0,2
1245,bot,1,1
1246,human,0,1
1247,bot,1,0
1248,human,0,0
1249,bot,1,1
1250,human,0,0
1251,human,0,0
1252,human,0,1
1253,human,0,0
1254,human,0,0
1255,human,0,2
1256,human,0,0
1257,bot,1,2
1258,bot,1,1
1259,bot,1,2
1260,human,0,0
1261,bot,1,2
1262,human,0,2
1263,human,0,0
1264,human,0,1
1265,human,0,1
1266,human,0,2
1267,human,0,1
1268,bot,1,2
1269,human,0,0
1270,human,0,1
1271,human,0,0
1272,human,0,0
1273,human,0,0
1274,human,0,1
1275,human,0,2
1276,bot,1,2
1277,bot,1,2
1278,human,0,1
1279,bot,1,2
1280,human,0,2
1281,bot,1,0
1282,human,0,1
1283,human,0,0
1284,human,0,2
1285,human,0,0
1286,bot,1,1
1287,human,0,0
1288,human,0,2
1289,bot,1,1
1290,human,0,0
1291,human,0,1
1292,bot,1,0
1293,human,0,1
1294,human,0,0
1295,human,0,0
1296,bot,1,1
1297,bot,1,0
1298,human,0,2
1299,human,0,0
1300,human,0,1
1301,human,0,2
1302,bot,1,0
1303,bot,1,0
1304,human,0,1
1305,human,0,0
1306,human,0,2
1307,human,0,0
1308,bot,1,1
1309,bot,1,2
1310,bot,1,0
1311,human,0,1
1312,human,0,1
1313,human,0,0
1314,bot,1,1
1315,human,0,1
1316,human,0,1
1317,human,0,1
1318,human,0,0
1319,human,0,0
1320,human,0,2
1321,human,0,1
1322,human,0,1
1323,human,0,0
1324,human,0,1
1325,bot,1,1
1326,human,0,1
1327,human,0,2
1328,bot,1,2
1329,bot,1,0
1330,human,0,1
1331,bot,1,1
1332,human,0,1
1333,human,0,1
1334,human,0,1
1335,human,0,2
1336,bot,1,0
1337,human,0,2
1338,human,0,0
1339,human,0,2
1340,human,0,1
1341,human,0,0
1342,human,0,2
1343,human,0,0
1344,bot,1,0
1345,human,0,2
1346,human,0,2
1347,human,0,2
1348,bot,1,1
1349,human,0,0
1350,human,0,2
1351,bot,1,0
1352,human,0,2
1353,bot,1,2
1354,bot,1,1
1355,bot,1,1
1356,human,0,2
1357,human,0,1
1358,human,0,2
1359,human,0,2
1360,bot,1,1
1361,human,0,1
1362,human,0,1
1363,human,0,2
1364,bot,1,0
1365,human,0,1
1366,human,0,2
1367,human,0,0
1368,human,0,2
1369,human,0,1
1370,human,0,1
1371,human,0,1
1372,human,0,1
1373,human,0,2
1374,human,0,2
1375,human,0,0
1376,human,0,2
1377,human,0,2
1378,human,0,1
1379,human,0,2
1380,bot,1,0
1381,bot,1,0
1382,human,0,2
1383,human,0,0
1384,human,0,1
1385,human,0,1
1386,bot,1,0
1387,human,0,0
1388,bot,1,1
1389,bot,1,1
1390,human,0,1
1391,human,0,1
1392,human,0,1
1393,human,0,2
1394,human,0,2
1395,human,0,0
1396,human,0,2
1397,human,0,1
1398,human,0,1
1399,human,0,0
1400,bot,1,2
1401,human,0,2
1402,human,0,2
1403,human,0,1
1404,human,0,2
1405,bot,1,1
1406,human,0,0
1407,human,0,1
1408,human,0,0
1409,human,0,2
1410,human,0,1
1411,bot,1,2
1412,bot,1,1
1413,bot,1,0
1414,human,0,1
1415,human,0,0
1416,bot,1,2
1417,human,0,1
1418,bot,1,1
1419,human,0,0
1420,human,0,0
1421,human,0,2
1422,bot,1,0
1423,human,0,1
1424,human,0,2
1425,bot,1,0
1426,bot,1,1
1427,human,0,1
1428,human,0,2
1429,human,0,0
1430,bot,1,0
1431,bot,1,0
1432,human,0,1
1433,human,0,0
1434,human,0,1
1435,human,0,1
1436,human,0,0
1437,bot,1,2
1438,human,0,1
1439,human,0,1
1440,human,0,2
1441,human,0,2
1442,human,0,2
1443,human,0,0
1444,human,0,0
1445,bot,1,2
1446,human,0,1
1447,bot,1,1
1448,human,0,0
1449,human,0,1
1450,human,0,1
1451,human,0,2
1452,bot,1,1
1453,human,0,0
1454,human,0,0
1455,human,0,1
1456,human,0,1
1457,human,0,1
1458,human,0,2
1459,human,0,1
1460,human,0,1
1461,human,0,2
1462,human,0,1
1463,bot,1,0
1464,human,0,1
1465,human,0,2
1466,human,0,1
1467,human,0,1
1468,human,0,1
1469,human,0,2
1470,human,0,0
1471,human,0,0
1472,human,0,2
1473,human,0,1
1474,human,0,0
1475,bot,1,1
1476,human,0,0
1477,bot,1,1
1478,human,0,0
1479,human,0,2
1480,human,0,0
1481,human,0,1
1482,human,0,2
1483,human,0,1
1484,human,0,1
1485,human,0,2
1486,human,0,0
1487,human,0,2
1488,human,0,1
1489,human,0,0
1490,human,0,0
1491,human,0,2
1492,human,0,2
1493,human,0,1
1494,human,0,1
1495,human,0,0
1496,human,0,0
1497,human,0,1
1498,human,0,1
1499,human,0,1
1500,human,0,1
1501,human,0,1
1502,human,0,1
1503,human,0,2
1504,bot,1,1
1505,human,0,0
1506,human,0,1
1507,bot,1,2
1508,human,0,2
1509,human,0,2
1510,human,0,2
1511,bot,1,0
1512,human,0,2
1513,human,0,1
1514,human,0,2
1515,human,0,2
1516,bot,1,1
1517,human,0,0
1518,human,0,1
1519,human,0,2
1520,human,0,0
1521,human,0,2
1522,human,0,1
1523,human,0,2
1524,human,0,0
1525,human,0,0
1526,bot,1,1
1527,human,0,1
1528,human,0,1
1529,bot,1,0
1530,bot,1,0
1531,human,0,0
1532,bot,1,0
1533,human,0,1
1534,human,0,0
1535,human,0,1
1536,human,0,1
1537,bot,1,0
1538,human,0,2
1539,human,0,1
1540,human,0,0
1541,human,0,1
1542,human,0,0
1543,bot,1,0
1544,human,0,2
1545,human,0,2
1546,human,0,0
1547,bot,1,0
1548,human,0,2
1549,bot,1,0
1550,human,0,1
1551,bot,1,1
1552,bot,1,2
1553,bot,1,0
1554,bot,1,1
1555,human,0,0
1556,bot,1,0
1557,bot,1,0
1558,human,0,1
1559,human,0,1
1560,human,0,1
1561,human,0,2
1562,human,0,1
1563,human,0,2
1564,human,0,0
1565,human,0,1
1566,bot,1,2
1567,bot,1,2
1568,human,0,0
1569,human,0,0
1570,human,0,2
1571,human,0,2
1572,human,0,0
1573,human,0,0
1574,human,0,2
1575,human,0,1
1576,human,0,2
1577,bot,1,0
1578,human,0,1
1579,human,0,2
1580,human,0,1
1581,bot,1,0
1582,human,0,2
1583,human,0,0
1584,bot,1,1
1585,human,0,1
1586,human,0,1
1587,bot,1,0
1588,bot,1,1
1589,bot,1,1
1590,human,0,0
1591,human,0,1
1592,human,0,2
1593,human,0,1
1594,human,0,0
1595,human,0,0
1596,human,0,2
1597,human,0,0
1598,bot,1,1
1599,human,0,1
1600,human,0,2
1601,human,0,2
1602,bot,1,0
1603,human,0,1
1604,bot,1,2
1605,human,0,1
1606,human,0,1
1607,human,0,1
1608,human,0,2
1609,bot,1,2
1610,human,0,2
1611,human,0,2
1612,human,0,0
1613,bot,1,0
1614,bot,1,1
1615,human,0,0
1616,human,0,1
1617,human,0,0
1618,human,0,0
1619,human,0,1
1620,human,0,2
1621,bot,1,0
1622,bot,1,2
1623,human,0,2
1624,human,0,2
1625,human,0,0
1626,human,0,2
1627,human,0,0
1628,human,0,1
1629,bot,1,0
1630,bot,1,1
1631,bot,1,0
1632,human,0,2
1633,human,0,0
1634,bot,1,0
1635,human,0,1
1636,human,0,1
1637,human,0,1
1638,human,0,0
1639,human,0,2
1640,bot,1,0
1641,human,0,1
1642,human,0,0
1643,bot,1,0
1644,bot,1,2
1645,bot,1,1
1646,bot,1,1
1647,human,0,1
1648,human,0,2
1649,human,0,2
1650,human,0,1
1651,human,0,0
1652,human,0,2
1653,human,0,0
1654,human,0,0
1655,human,0,1
1656,human,0,2
1657,human,0,0
1658,human,0,0
1659,human,0,2
1660,human,0,2
1661,bot,1,2
1662,bot,1,0
1663,human,0,0
1664,human,0,2
1665,human,0,1
1666,human,0,0
1667,human,0,2
1668,human,0,2
1669,human,0,1
1670,human,0,2
1671,bot,1,0
1672,human,0,1
1673,human,0,0
1674,human,0,2
1675,human,0,1
1676,bot,1,1
1677,human,0,2
1678,human,0,2
1679,human,0,0
1680,human,0,0
1681,human,0,1
1682,human,0,2
1683,human,0,0
1684,human,0,2
1685,human,0,1
1686,human,0,2
1687,bot,1,2
1688,human,0,2
1689,bot,1,2
1690,human,0,1
1691,human,0,1
1692,human,0,0
1693,human,0,1
1694,human,0,0
1695,human,0,2
1696,bot,1,0
1697,human,0,1
1698,human,0,1
1699,human,0,0
1700,human,0,0
1701,bot,1,0
1702,bot,1,0
1703,human,0,2
1704,bot,1,1
1705,bot,1,0
1706,human,0,2
1707,bot,1,0
1708,human,0,1
1709,bot,1,0
1710,human,0,2
1711,human,0,1
1712,human,0,0
1713,bot,1,1
1714,human,0,2
1715,bot,1,2
1716,human,0,1
1717,bot,1,0
1718,human,0,1
1719,bot,1,0
1720,human,0,2
1721,human,0,1
1722,human,0,0
1723,human,0,2
1724,human,0,2
1725,human,0,2
1726,bot,1,0
1727,human,0,1
1728,bot,1,0
1729,human,0,1
1730,human,0,2
1731,human,0,0
1732,human,0,0
1733,human,0,2
1734,human,0,1
1735,human,0,0
1736,human,0,0
1737,bot,1,0
1738,bot,1,0
1739,bot,1,0
1740,human,0,2
1741,human,0,0
1742,human,0,1
1743,human,0,0
1744,human,0,0
1745,human,0,0
1746,human,0,0
1747,human,0,0
1748,human,0,1
1749,human,0,0
1750,human,0,2
1751,human,0,1
1752,human,0,0
1753,human,0,1
1754,bot,1,2
1755,bot,1,0
1756,human,0,1
1757,human,0,1
1758,human,0,2
1759,human,0,1
1760,human,0,1
1761,bot,1,1
1762,bot,1,1
1763,bot,1,0
1764,human,0,1
1765,human,0,1
1766,human,0,2
1767,human,0,0
1768,human,0,2
1769,bot,1,1
1770,human,0,2
1771,human,0,1
1772,human,0,1
1773,bot,1,0
1774,human,0,2
1775,human,0,0
1776,human,0,2
1777,human,0,0
1778,human,0,2
1779,human,0,1
1780,human,0,0
1781,human,0,1
1782,human,0,0
1783,human,0,0
1784,human,0,0
1785,human,0,2
1786,human,0,1
1787,human,0,1
1788,human,0,2
1789,bot,1,1
1790,human,0,2
1791,human,0,1
1792,human,0,0
1793,human,0,2
1794,human,0,2
1795,human,0,1
1796,bot,1,0
1797,human,0,0
1798,bot,1,1
1799,bot,1,1
1800,human,0,1
1801,human,0,0
1802,human,0,0
1803,human,0,0
1804,human,0,0
1805,human,0,1
1806,human,0,1
1807,human,0,2
1808,human,0,1
1809,bot,1,1
1810,human,0,0
1811,human,0,1
1812,human,0,0
1813,human,0,2
1814,bot,1,0
1815,human,0,2
1816,human,0,2
1817,bot,1,1
1818,human,0,2
1819,human,0,2
1820,bot,1,0
1821,human,0,0
1822,human,0,0
1823,human,0,0
1824,human,0,1
1825,human,0,0
1826,human,0,0
1827,human,0,0
1828,human,0,1
1829,human,0,0
1830,human,0,1
1831,human,0,1
1832,human,0,1
1833,human,0,1
1834,bot,1,2
1835,human,0,2
1836,bot,1,2
1837,human,0,0
1838,human,0,2
1839,human,0,0
1840,human,0,1
1841,human,0,1
1842,human,0,2
1843,human,0,1
1844,human,0,2
1845,bot,1,0
1846,human,0,0
1847,human,0,0
1848,human,0,2
1849,human,0,2
1850,human,0,0
1851,human,0,0
1852,human,0,1
1853,human,0,2
1854,human,0,1
1855,bot,1,1
1856,human,0,0
1857,human,0,1
1858,human,0,2
1859,bot,1,1
1860,bot,1,0
1861,human,0,2
1862,human,0,0
1863,human,0,2
1864,human,0,1
1865,human,0,0
1866,bot,1,1
1867,human,0,0
1868,bot,1,1
1869,bot,1,0
1870,human,0,2
1871,bot,1,2
1872,human,0,0
1873,human,0,2
1874,bot,1,2
1875,human,0,1
1876,bot,1,0
1877,human,0,0
1878,bot,1,0
1879,bot,1,2
1880,human,0,0
1881,human,0,0
1882,human,0,1
1883,human,0,0
1884,human,0,2
1885,human,0,2
1886,human,0,2
1887,human,0,1
1888,human,0,0
1889,human,0,0
1890,human,0,1
1891,human,0,1
1892,human,0,0
1893,human,0,1
1894,human,0,1
1895,human,0,0
1896,human,0,1
1897,bot,1,1
1898,human,0,0
1899,bot,1,0
1900,human,0,2
1901,human,0,1
1902,human,0,0
1903,human,0,2
1904,human,0,0
1905,bot,1,0
1906,human,0,1
1907,bot,1,2
1908,human,0,0
1909,human,0,0
1910,human,0,2
1911,bot,1,0
1912,human,0,2
1913,bot,1,0
1914,human,0,1
1915,human,0,1
1916,bot,1,1
1917,bot,1,1
1918,human,0,1
1919,bot,1,0
1920,human,0,2
1921,human,0,2
1922,human,0,0
1923,bot,1,0
1924,bot,1,0
1925,human,0,1
1926,human,0,2
1927,bot,1,0
1928,human,0,2
1929,bot,1,2
1930,bot,1,1
1931,human,0,0
1932,human,0,1
1933,human,0,2
1934,bot,1,0
1935,human,0,1
1936,bot,1,2
1937,bot,1,2
1938,human,0,1
1939,human,0,0
1940,human,0,2
1941,human,0,0
1942,bot,1,1
1943,human,0,0
1944,human,0,2
1945,human,0,2
1946,human,0,0
1947,bot,1,2
1948,human,0,0
1949,bot,1,0
1950,human,0,0
1951,bot,1,0
1952,human,0,0
1953,bot,1,1
1954,human,0,0
1955,human,0,2
1956,human,0,1
1957,human,0,0
1958,human,0,0
1959,human,0,1
1960,human,0,2
1961,human,0,0
1962,bot,1,1
1963,human,0,0
1964,bot,1,0
1965,human,0,1
1966,human,0,2
1967,bot,1,1
1968,human,0,0
1969,human,0,2
1970,human,0,0
1971,human,0,0
1972,human,0,2
1973,human,0,2
1974,bot,1,0
1975,human,0,1
1976,human,0,0
1977,human,0,1
1978,human,0,1
1979,bot,1,2
1980,human,0,0
1981,human,0,0
1982,human,0,1
1983,human,0,2
1984,human,0,2
1985,human,0,2
1986,human,0,0
1987,human,0,2
1988,human,0,2
1989,bot,1,2
1990,human,0,2
1991,human,0,1
1992,bot,1,2
1993,bot,1,0
1994,human,0,1
1995,human,0,1
1996,human,0,1
1997,bot,1,0
1998,human,0,1
1999,human,0,2
2000,bot,1,1
2001,human,0,2
2002,human,0,2
2003,bot,1,1
2004,human,0,0
2005,human,0,2
2006,human,0,1
2007,human,0,2
2008,bot,1,2
2009,bot,1,2
2010,bot,1,2
2011,human,0,1
2012,human,0,2
2013,human,0,2
2014,human,0,2
2015,human,0,0
2016,human,0,2
2017,human,0,2
2018,bot,1,0
2019,human,0,1
2020,human,0,1
2021,human,0,2
2022,human,0,2
2023,human,0,0
2024,human,0,0
2025,human,0,2
2026,human,0,0
2027,human,0,1
2028,human,0,0
2029,human,0,0
2030,human,0,0
2031,human,0,1
2032,human,0,2
2033,human,0,0
2034,human,0,1
2035,human,0,2
2036,human,0,1
2037,bot,1,0
2038,human,0,2
2039,bot,1,0
2040,human,0,1
2041,human,0,2
2042,human,0,1
2043,human,0,0
2044,human,0,1
2045,bot,1,0
2046,human,0,1
2047,human,0,1
2048,bot,1,2
2049,human,0,1
2050,bot,1,1
2051,human,0,1
2052,human,0,0
2053,bot,1,0
2054,human,0,1
2055,human,0,0
2056,bot,1,1
2057,bot,1,1
2058,human,0,1
2059,human,0,0
2060,human,0,0
2061,human,0,1
2062,human,0,1
2063,human,0,2
2064,human,0,1
2065,human,0,2
2066,human,0,1
2067,human,0,1
2068,human,0,1
2069,human,0,2
2070,human,0,2
2071,human,0,2
2072,bot,1,1
2073,bot,1,0
2074,bot,1,0
2075,human,0,0
2076,bot,1,0
2077,human,0,1
2078,human,0,0
2079,human,0,0
2080,human,0,0
2081,human,0,0
2082,human,0,2
2083,bot,1,1
2084,human,0,1
2085,bot,1,0
2086,human,0,0
2087,bot,1,1
2088,bot,1,2
2089,human,0,0
2090,human,0,1
2091,bot,1,1
2092,human,0,1
2093,human,0,0
2094,human,0,0
2095,bot,1,0
2096,human,0,1
2097,human,0,2
2098,human,0,1
2099,bot,1,2
2100,human,0,2
2101,human,0,1
2102,human,0,1
2103,human,0,2
2104,human,0,2
2105,human,0,0
2106,human,0,1
2107,human,0,2
2108,human,0,1
2109,human,0,2
2110,human,0,1
2111,human,0,2
2112,human,0,1
2113,human,0,0
2114,human,0,2
2115,bot,1,0
2116,human,0,0
2117,human,0,0
2118,human,0,0
2119,human,0,0
2120,human,0,1
2121,bot,1,1
2122,human,0,2
2123,bot,1,2
2124,human,0,1
2125,human,0,1
2126,human,0,0
2127,human,0,1
2128,human,0,0
2129,human,0,0
2130,human,0,0
2131,human,0,0
2132,human,0,0
2133,human,0,0
2134,bot,1,1
2135,human,0,0
2136,human,0,0
2137,bot,1,0
2138,human,0,1
2139,human,0,1
2140,bot,1,0
2141,human,0,2
2142,human,0,1
2143,bot,1,0
2144,human,0,1
2145,bot,1,2
2146,human,0,2
2147,bot,1,1
2148,human,0,2
2149,human,0,1
2150,bot,1,0
2151,human,0,0
2152,bot,1,0
2153,human,0,2
2154,human,0,1
2155,human,0,1
2156,human,0,2
2157,human,0,0
2158,human,0,1
2159,human,0,1
2160,bot,1,1
2161,human,0,1
2162,human,0,2
2163,bot,1,0
2164,human,0,2
2165,bot,1,0
2166,human,0,2
2167,human,0,2
2168,human,0,0
2169,human,0,1
2170,bot,1,1
2171,human,0,0
2172,human,0,1
2173,human,0,2
2174,human,0,0
2175,bot,1,0
2176,human,0,0
2177,human,0,2
2178,bot,1,1
2179,human,0,2
2180,human,0,1
2181,human,0,1
2182,bot,1,2
2183,human,0,1
2184,human,0,1
2185,human,0,1
2186,human,0,1
2187,bot,1,1
2188,human,0,2
2189,bot,1,0
2190,human,0,1
2191,human,0,2
2192,human,0,1
2193,bot,1,2
2194,human,0,2
2195,bot,1,0
2196,human,0,1
2197,human,0,0
2198,bot,1,2
2199,bot,1,0
2200,human,0,2
2201,human,0,1
2202,human,0,0
2203,human,0,1
2204,bot,1,1
2205,bot,1,2
2206,human,0,2
2207,human,0,2
2208,human,0,2
2209,bot,1,0
2210,human,0,2
2211,human,0,1
2212,bot,1,1
2213,human,0,0
2214,human,0,1
2215,human,0,2
2216,bot,1,0
2217,human,0,0
2218,human,0,1
2219,human,0,0
2220,bot,1,0
2221,human,0,1
2222,human,0,1
2223,human,0,0
2224,bot,1,0
2225,human,0,0
2226,bot,1,0
2227,human,0,1
2228,human,0,1
2229,human,0,0
2230,human,0,2
2231,bot,1,0
2232,human,0,0
2233,human,0,2
2234,human,0,1
2235,human,0,2
2236,human,0,0
2237,bot,1,0
2238,bot,1,1
2239,human,0,1
2240,human,0,2
2241,human,0,0
2242,human,0,0
2243,bot,1,0
2244,human,0,2
2245,human,0,0
2246,human,0,0
2247,human,0,0
2248,human,0,1
2249,human,0,0
2250,human,0,1
2251,human,0,1
2252,bot,1,1
2253,bot,1,1
2254,human,0,0
2255,human,0,2
2256,human,0,0
2257,human,0,0
2258,human,0,0
2259,human,0,1
2260,human,0,1
2261,human,0,1
2262,bot,1,1
2263,human,0,1
2264,bot,1,1
2265,bot,1,0
2266,human,0,1
2267,human,0,1
2268,human,0,0
2269,human,0,1
2270,bot,1,0
2271,human,0,1
2272,human,0,2
2273,bot,1,0
2274,bot,1,0
2275,bot,1,1
2276,human,0,2
2277,human,0,1
2278,human,0,1
2279,bot,1,1
2280,human,0,1
2281,human,0,2
2282,human,0,2
2283,human,0,1
2284,bot,1,0
2285,bot,1,0
2286,human,0,1
2287,human,0,0
2288,bot,1,0
2289,bot,1,0
2290,human,0,2
2291,bot,1,0
2292,human,0,0
2293,human,0,1
2294,human,0,1
2295,human,0,0
2296,human,0,0
2297,human,0,1
2298,bot,1,0
2299,human,0,1
2300,human,0,1
2301,human,0,2
2302,human,0,2
2303,human,0,2
2304,human,0,0
2305,bot,1,2
2306,bot,1,1
2307,human,0,1
2308,human,0,2
2309,human,0,0
2310,bot,1,0
2311,human,0,1
2312,human,0,0
2313,human,0,1
2314,bot,1,2
2315,human,0,1
2316,bot,1,0
2317,bot,1,1
2318,human,0,2
2319,human,0,0
2320,human,0,0
2321,bot,1,0
2322,human,0,0
2323,human,0,0
2324,human,0,2
2325,human,0,0
2326,human,0,1
2327,human,0,0
2328,human,0,1
2329,human,0,2
2330,human,0,0
2331,bot,1,1
2332,human,0,1
2333,bot,1,1
2334,bot,1,0
2335,human,0,0
2336,human,0,1
2337,human,0,2
2338,human,0,2
2339,bot,1,1
2340,human,0,1
2341,human,0,2
2342,bot,1,2
2343,bot,1,1
2344,human,0,1
2345,human,0,1
2346,bot,1,0
2347,human,0,0
2348,human,0,1
2349,bot,1,2
2350,bot,1,2
2351,bot,1,0
2352,bot,1,0
2353,bot,1,2
2354,human,0,1
2355,human,0,1
2356,human,0,1
2357,bot,1,1
2358,human,0,0
2359,bot,1,1
2360,human,0,1
2361,bot,1,1
2362,human,0,0
2363,bot,1,0
2364,human,0,2
2365,human,0,0
2366,human,0,1
2367,human,0,0
2368,bot,1,0
2369,human,0,2
2370,human,0,0
2371,bot,1,0
2372,bot,1,0
2373,human,0,1
2374,human,0,0
2375,human,0,1
2376,bot,1,0
2377,human,0,0
2378,human,0,0
2379,human,0,1
2380,human,0,2
2381,human,0,1
2382,human,0,1
2383,human,0,0
2384,human,0,1
2385,human,0,1
2386,human,0,2
2387,human,0,2
2388,human,0,2
2389,bot,1,1
2390,bot,1,1
2391,human,0,1
2392,human,0,1
2393,bot,1,0
2394,human,0,2
2395,human,0,1
2396,human,0,1
2397,human,0,1
2398,human,0,2
2399,bot,1,2
2400,human,0,0
2401,bot,1,2
2402,human,0,0
2403,bot,1,0
2404,human,0,0
2405,bot,1,1
2406,human,0,0
2407,human,0,2
2408,human,0,2
2409,bot,1,0
2410,bot,1,0
2411,human,0,1
2412,human,0,1
2413,bot,1,0
2414,human,0,1
2415,human,0,1
2416,human,0,1
2417,human,0,1
2418,human,0,1
2419,human,0,1
2420,bot,1,2
2421,human,0,0
2422,human,0,1
2423,bot,1,2
2424,human,0,2
2425,human,0,2
2426,human,0,2
2427,bot,1,1
2428,human,0,0
2429,human,0,0
2430,human,0,2
2431,human,0,1
2432,human,0,2
2433,human,0,0
2434,bot,1,0
2435,bot,1,1
2436,human,0,2
2437,bot,1,2
2438,human,0,2
2439,human,0,0
2440,bot,1,1
2441,human,0,0
2442,human,0,1
2443,human,0,1
2444,human,0,2
2445,bot,1,0
2446,human,0,0
2447,human,0,0
2448,bot,1,0
2449,human,0,1
2450,bot,1,1
2451,human,0,2
2452,human,0,0
2453,human,0,2
2454,bot,1,0
2455,bot,1,0
2456,human,0,0
2457,human,0,1
2458,human,0,1
2459,human,0,0
2460,human,0,1
2461,human,0,1
2462,human,0,0
2463,human,0,0
2464,bot,1,1
2465,human,0,0
2466,human,0,1
2467,human,0,0
2468,bot,1,0
2469,human,0,0
2470,human,0,1
2471,human,0,2
2472,bot,1,0
2473,bot,1,1
2474,human,0,2
2475,bot,1,2
2476,human,0,2
2477,bot,1,0
2478,human,0,2
2479,human,0,0
2480,human,0,1
2481,human,0,1
2482,human,0,0
2483,human,0,0
2484,human,0,2
2485,human,0,2
2486,bot,1,1
2487,bot,1,0
2488,human,0,2
2489,human,0,2
2490,human,0,1
2491,human,0,0
2492,human,0,1
2493,human,0,1
2494,human,0,1
2495,human,0,1
2496,human,0,2
2497,bot,1,2
2498,bot,1,0
2499,human,0,2
2500,human,0,1
2501,human,0,0
2502,human,0,2
2503,human,0,0
2504,human,0,2
2505,human,0,2
2506,human,0,1
2507,bot,1,0
2508,bot,1,0
2509,bot,1,2
2510,bot,1,0
2511,bot,1,2
2512,human,0,1
2513,human,0,1
2514,bot,1,2
2515,human,0,0
2516,human,0,0
2517,human,0,1
2518,bot,1,0
2519,human,0,0
2520,human,0,2
2521,human,0,2
2522,human,0,2
2523,bot,1,2
2524,human,0,1
2525,bot,1,0
2526,human,0,0
2527,human,0,1
2528,human,0,0
2529,human,0,2
2530,bot,1,0
2531,human,0,0
2532,bot,1,0
2533,human,0,0
2534,bot,1,0
2535,bot,1,0
2536,human,0,1
2537,human,0,2
2538,human,0,1
2539,human,0,0
2540,human,0,2
2541,human,0,0
2542,bot,1,1
2543,human,0,1
2544,human,0,2
2545,human,0,2
2546,human,0,2
2547,human,0,1
2548,bot,1,0
2549,human,0,0
2550,bot,1,1
2551,bot,1,0
2552,bot,1,1
2553,bot,1,2
2554,human,0,2
2555,bot,1,0
2556,human,0,2
2557,human,0,1
2558,human,0,0
2559,human,0,1
2560,bot,1,2
2561,bot,1,2
2562,bot,1,1
2563,human,0,2
2564,bot,1,2
2565,human,0,1
2566,human,0,2
2567,human,0,0
2568,human,0,2
2569,human,0,0
2570,human,0,0
2571,human,0,1
2572,human,0,1
2573,bot,1,2
2574,human,0,2
2575,bot,1,0
2576,bot,1,0
2577,human,0,1
2578,bot,1,1
2579,human,0,2
2580,human,0,0
2581,bot,1,1
2582,human,0,2
2583,bot,1,2
2584,human,0,1
2585,bot,1,0
2586,human,0,1
2587,human,0,0
2588,human,0,0
2589,human,0,2
2590,bot,1,1
2591,human,0,0
2592,human,0,2
2593,human,0,2
2594,human,0,0
2595,human,0,1
2596,human,0,2
2597,human,0,0
2598,human,0,2
2599,bot,1,2
2600,human,0,1
2601,human,0,1
2602,human,0,1
2603,human,0,2
2604,human,0,1
2605,human,0,1
2606,human,0,1
2607,human,0,2
2608,human,0,2
2609,human,0,2
2610,human,0,2
2611,human,0,1
2612,bot,1,0
2613,human,0,1
2614,human,0,1
2615,bot,1,0
2616,human,0,0
2617,human,0,0
2618,human,0,0
2619,human,0,0
2620,human,0,0
2621,human,0,0
2622,human,0,1
2623,bot,1,0
2624,human,0,2
2625,human,0,2
2626,bot,1,1
2627,human,0,2
2628,bot,1,1
2629,bot,1,0
2630,human,0,0
2631,bot,1,0
2632,bot,1,0
2633,bot,1,1
2634,human,0,1
2635,human,0,0
2636,human,0,0
2637,human,0,2
2638,human,0,1
2639,human,0,1
2640,human,0,1
2641,bot,1,0
2642,human,0,2
2643,human,0,1
2644,human,0,1
2645,human,0,0
2646,bot,1,2
2647,human,0,0
2648,human,0,2
2649,human,0,0
2650,bot,1,2
2651,human,0,2
2652,human,0,1
2653,human,0,2
2654,human,0,0
2655,human,0,0
2656,human,0,0
2657,bot,1,2
2658,human,0,1
2659,human,0,2
2660,human,0,1
2661,human,0,1
2662,human,0,2
2663,human,0,2
2664,human,0,1
2665,human,0,1
2666,human,0,2
2667,human,0,1
2668,bot,1,2
2669,human,0,2
2670,bot,1,1
2671,human,0,1
2672,bot,1,0
2673,bot,1,1
2674,bot,1,2
2675,human,0,1
2676,human,0,2
2677,bot,1,1
2678,human,0,1
2679,bot,1,2
2680,human,0,0
2681,human,0,0
2682,bot,1,0
2683,human,0,1
2684,human,0,0
2685,bot,1,0
2686,bot,1,0
2687,human,0,2
2688,bot,1,0
2689,human,0,0
2690,bot,1,0
2691,bot,1,1
2692,human,0,1
2693,human,0,2
2694,human,0,2
2695,human,0,1
2696,bot,1,0
2697,human,0,2
2698,human,0,2
2699,bot,1,0
2700,human,0,1
2701,human,0,2
2702,human,0,1
2703,bot,1,0
2704,bot,1,1
2705,bot,1,2
2706,bot,1,1
2707,human,0,1
2708,human,0,0
2709,human,0,1
2710,human,0,1
2711,human,0,2
2712,human,0,1
2713,human,0,2
2714,human,0,2
2715,bot,1,0
2716,bot,1,2
2717,human,0,2
2718,bot,1,1
2719,human,0,2
2720,human,0,2
2721,human,0,1
2722,human,0,0
2723,human,0,0
2724,human,0,0
2725,human,0,0
2726,human,0,1
2727,human,0,1
2728,bot,1,1
2729,human,0,1
2730,bot,1,1
2731,bot,1,2
2732,bot,1,0
2733,bot,1,2
2734,human,0,0
2735,human,0,2
2736,human,0,1
2737,human,0,2
2738,human,0,2
2739,human,0,0
2740,human,0,2
2741,human,0,1
2742,human,0,1
2743,human,0,1
2744,human,0,1
2745,human,0,0
2746,human,0,0
2747,bot,1,1
2748,human,0,1
2749,human,0,1
2750,human,0,1
2751,human,0,2
2752,human,0,0
2753,human,0,1
2754,bot,1,1
2755,human,0,0
2756,human,0,2
2757,human,0,2
2758,human,0,0
2759,human,0,1
2760,bot,1,1
2761,human,0,2
2762,human,0,2
2763,bot,1,0
2764,bot,1,0
2765,human,0,2
2766,bot,1,0
2767,bot,1,0
2768,human,0,2
2769,bot,1,1
2770,human,0,1
2771,bot,1,2
2772,human,0,2
2773,bot,1,0
2774,human,0,1
2775,human,0,2
2776,bot,1,2
2777,human,0,1
2778,human,0,1
2779,bot,1,1
2780,bot,1,0
2781,human,0,2
2782,bot,1,2
2783,bot,1,0
2784,human,0,1
2785,bot,1,2
2786,human,0,2
2787,bot,1,0
2788,human,0,0
2789,human,0,0
2790,human,0,2
2791,bot,1,1
2792,human,0,1
2793,human,0,1
2794,human,0,2
2795,bot,1,0
2796,human,0,2
2797,human,0,2
2798,bot,1,2
2799,bot,1,1
2800,human,0,1
2801,human,0,1
2802,human,0,0
2803,bot,1,0
2804,human,0,0
2805,human,0,2
2806,human,0,2
2807,human,0,0
2808,bot,1,2
2809,human,0,2
2810,bot,1,0
2811,human,0,0
2812,human,0,2
2813,human,0,1
2814,human,0,1
2815,human,0,1
2816,bot,1,0
2817,human,0,2
2818,human,0,2
2819,bot,1,0
2820,human,0,1
2821,human,0,0
2822,human,0,2
2823,human,0,0
2824,bot,1,1
2825,human,0,1
2826,human,0,2
2827,human,0,0
2828,bot,1,0
2829,bot,1,1
2830,bot,1,1
2831,human,0,1
2832,bot,1,0
2833,human,0,1
2834,human,0,1
2835,bot,1,0
2836,human,0,0
2837,human,0,1
2838,human,0,1
2839,bot,1,0
2840,human,0,2
2841,bot,1,1
2842,human,0,1
2843,bot,1,0
2844,human,0,2
2845,bot,1,1
2846,human,0,1
2847,human,0,1
2848,bot,1,2
2849,human,0,0
2850,bot,1,0
2851,human,0,1
2852,bot,1,1
2853,bot,1,2
2854,bot,1,0
2855,human,0,2
2856,human,0,2
2857,bot,1,0
2858,bot,1,0
2859,human,0,0
2860,human,0,1
2861,bot,1,0
2862,human,0,2
2863,bot,1,2
2864,human,0,2
2865,human,0,2
2866,bot,1,1
2867,human,0,1
2868,human,0,1
2869,human,0,2
2870,human,0,0
2871,bot,1,1
2872,human,0,0
2873,human,0,0
2874,human,0,1
2875,bot,1,0
2876,human,0,1
2877,human,0,0
2878,human,0,0
2879,bot,1,0
2880,human,0,1
2881,human,0,2
2882,human,0,0
2883,human,0,1
2884,bot,1,2
2885,human,0,0
2886,bot,1,2
2887,human,0,0
2888,human,0,0
2889,human,0,0
2890,human,0,1
2891,human,0,0
2892,human,0,0
2893,human,0,1
2894,human,0,0
2895,bot,1,2
2896,bot,1,0
2897,human,0,2
2898,bot,1,2
2899,bot,1,1
2900,human,0,0
2901,bot,1,1
2902,human,0,2
2903,human,0,2
2904,human,0,2
2905,bot,1,1
2906,human,0,1
2907,human,0,1
2908,human,0,0
2909,human,0,0
2910,bot,1,0
2911,human,0,2
2912,human,0,0
2913,bot,1,0
2914,bot,1,2
2915,human,0,2
2916,bot,1,0
2917,human,0,0
2918,human,0,1
2919,human,0,0
2920,human,0,0
2921,bot,1,0
2922,human,0,1
2923,human,0,1
2924,human,0,1
2925,human,0,2
2926,human,0,1
2927,human,0,1
2928,human,0,0
2929,human,0,2
2930,bot,1,1
2931,human,0,1
2932,human,0,1
2933,human,0,2
2934,human,0,1
2935,human,0,1
2936,human,0,1
2937,bot,1,2
2938,human,0,1
2939,human,0,1
2940,human,0,1
2941,human,0,1
2942,human,0,0
2943,human,0,1
2944,human,0,1
2945,human,0,2
2946,bot,1,1
2947,bot,1,2
2948,human,0,0
2949,bot,1,0
2950,human,0,0
2951,bot,1,1
2952,human,0,2
2953,human,0,1
2954,bot,1,2
2955,human,0,0
2956,human,0,2
2957,human,0,1
2958,human,0,1
2959,human,0,2
2960,human,0,0
2961,human,0,0
2962,bot,1,0
2963,bot,1,1
2964,bot,1,0
2965,bot,1,1
2966,bot,1,1
2967,human,0,2
2968,human,0,1
2969,human,0,0
2970,human,0,0
2971,human,0,1
2972,human,0,1
2973,human,0,2
2974,human,0,0
2975,bot,1,0
2976,human,0,2
2977,human,0,0
2978,bot,1,2
2979,human,0,1
2980,bot,1,0
2981,bot,1,0
2982,human,0,0
2983,human,0,0
2984,bot,1,1
2985,bot,1,0
2986,human,0,1
2987,human,0,1
2988,human,0,1
2989,bot,1,1
2990,human,0,0
2991,human,0,0
2992,bot,1,0
2993,bot,1,0
2994,human,0,0
2995,human,0,2
2996,human,0,1
2997,human,0,1
2998,human,0,1
2999,human,0,0
3000,bot,1,0
3001,human,0,2
3002,human,0,1
3003,bot,1,1
3004,human,0,0
3005,human,0,0
3006,bot,1,0
3007,human,0,2
3008,bot,1,2
3009,human,0,2
3010,human,0,0
3011,human,0,0
3012,human,0,0
3013,bot,1,2
3014,bot,1,0
3015,human,0,2
3016,bot,1,2
3017,human,0,1
3018,human,0,1
3019,human,0,1
3020,human,0,1
3021,human,0,1
3022,human,0,0
3023,human,0,1
3024,human,0,1
3025,bot,1,1
3026,human,0,2
3027,bot,1,0
3028,human,0,1
3029,human,0,0
3030,human,0,1
3031,human,0,2
3032,human,0,2
3033,bot,1,0
3034,human,0,0
3035,human,0,2
3036,bot,1,1
3037,human,0,1
3038,human,0,1
3039,bot,1,1
3040,human,0,0
3041,human,0,2
3042,bot,1,0
3043,human,0,1
3044,human,0,0
3045,human,0,2
3046,human,0,2
3047,human,0,1
3048,bot,1,0
3049,human,0,0
3050,human,0,0
3051,human,0,1
3052,human,0,2
3053,bot,1,1
3054,human,0,0
3055,human,0,1
3056,bot,1,1
3057,human,0,0
3058,human,0,0
3059,bot,1,1
3060,human,0,0
3061,bot,1,1
3062,human,0,2
3063,human,0,0
3064,bot,1,1
3065,human,0,2
3066,human,0,1
3067,human,0,2
3068,bot,1,1
3069,human,0,0
3070,human,0,2
3071,human,0,0
3072,bot,1,0
3073,human,0,1
3074,bot,1,0
3075,human,0,1
3076,human,0,2
3077,bot,1,0
3078,human,0,1
3079,human,0,2
3080,human,0,0
3081,bot,1,1
3082,human,0,1
3083,human,0,1
3084,human,0,1
3085,bot,1,1
3086,human,0,2
3087,human,0,1
3088,human,0,1
3089,human,0,2
3090,bot,1,2
3091,human,0,2
3092,bot,1,1
3093,human,0,2
3094,human,0,1
3095,human,0,2
3096,human,0,1
3097,human,0,0
3098,human,0,2
3099,human,0,1
3100,human,0,0
3101,bot,1,0
3102,human,0,1
3103,human,0,0
3104,bot,1,1
3105,human,0,0
3106,bot,1,1
3107,bot,1,0
3108,human,0,1
3109,bot,1,0
3110,bot,1,1
3111,human,0,1
3112,human,0,2
3113,human,0,1
3114,bot,1,0
3115,human,0,2
3116,human,0,2
3117,human,0,1
3118,bot,1,1
3119,human,0,1
3120,bot,1,1
3121,human,0,2
3122,bot,1,0
3123,human,0,0
3124,human,0,1
3125,human,0,2
3126,human,0,0
3127,human,0,2
3128,bot,1,2
3129,human,0,1
3130,human,0,0
3131,human,0,0
3132,bot,1,1
3133,human,0,0
3134,bot,1,0
3135,human,0,0
3136,human,0,1
3137,human,0,2
3138,human,0,0
3139,human,0,1
3140,human,0,1
3141,bot,1,1
3142,human,0,1
3143,bot,1,1
3144,human,0,2
3145,human,0,1
3146,human,0,1
3147,human,0,2
3148,human,0,1
3149,human,0,2
3150,human,0,2
3151,human,0,1
3152,human,0,2
3153,human,0,1
3154,human,0,1
3155,human,0,0
3156,human,0,1
3157,human,0,1
3158,bot,1,2
3159,human,0,0
3160,human,0,2
3161,human,0,1
3162,human,0,2
3163,human,0,1
3164,human,0,2
3165,bot,1,1
3166,human,0,0
3167,human,0,2
3168,human,0,1
3169,human,0,0
3170,bot,1,0
3171,human,0,1
3172,human,0,0
3173,human,0,2
3174,bot,1,0
3175,human,0,1
3176,human,0,2
3177,bot,1,2
3178,human,0,1
3179,human,0,0
3180,human,0,0
3181,human,0,0
3182,human,0,2
3183,bot,1,0
3184,human,0,1
3185,bot,1,0
3186,human,0,1
3187,human,0,0
3188,human,0,2
3189,human,0,2
3190,human,0,1
3191,human,0,2
3192,human,0,0
3193,human,0,2
3194,human,0,1
3195,human,0,2
3196,bot,1,2
3197,bot,1,2
3198,bot,1,0
3199,human,0,2
3200,human,0,1
3201,human,0,0
3202,human,0,2
3203,human,0,2
3204,human,0,1
3205,bot,1,1
3206,human,0,1
3207,human,0,2
3208,human,0,0
3209,human,0,2
3210,human,0,0
3211,human,0,2
3212,human,0,2
3213,human,0,1
3214,human,0,1
3215,human,0,2
3216,human,0,2
3217,human,0,1
3218,human,0,0
3219,human,0,2
3220,human,0,1
3221,human,0,1
3222,human,0,2
3223,bot,1,1
3224,human,0,1
3225,human,0,1
3226,human,0,2
3227,bot,1,1
3228,bot,1,0
3229,human,0,1
3230,bot,1,0
3231,human,0,1
3232,human,0,0
3233,human,0,0
3234,bot,1,1
3235,bot,1,0
3236,human,0,0
3237,human,0,2
3238,bot,1,0
3239,bot,1,0
3240,human,0,1
3241,human,0,1
3242,bot,1,0
3243,bot,1,0
3244,bot,1,1
3245,human,0,0
3246,human,0,0
3247,bot,1,0
3248,human,0,1
3249,human,0,1
3250,human,0,2
3251,human,0,0
3252,bot,1,0
3253,bot,1,1
3254,human,0,1
3255,human,0,0
3256,human,0,1
3257,human,0,2
3258,human,0,0
3259,bot,1,1
3260,human,0,2
3261,human,0,2
3262,bot,1,1
3263,human,0,2
3264,bot,1,1
3265,human,0,2
3266,human,0,1
3267,bot,1,0
3268,human,0,0
3269,bot,1,2
3270,human,0,1
3271,human,0,1
3272,bot,1,1
3273,human,0,1
3274,human,0,1
3275,human,0,0
3276,human,0,1
3277,human,0,1
3278,human,0,2
3279,human,0,2
3280,human,0,0
3281,human,0,0
3282,human,0,0
3283,bot,1,2
3284,bot,1,1
3285,human,0,2
3286,human,0,1
3287,bot,1,1
3288,bot,1,0
3289,bot,1,1
3290,human,0,1
3291,human,0,0
3292,human,0,1
3293,human,0,2
3294,human,0,0
3295,human,0,2
3296,human,0,1
3297,bot,1,0
3298,human,0,1
3299,human,0,2
3300,human,0,0
3301,bot,1,2
3302,human,0,1
3303,human,0,0
3304,human,0,0
3305,human,0,1
3306,human,0,2
3307,human,0,0
3308,bot,1,0
3309,human,0,1
3310,human,0,2
3311,human,0,2
3312,bot,1,1
3313,human,0,0
3314,human,0,2
3315,human,0,1
3316,human,0,1
3317,human,0,0
3318,human,0,0
3319,human,0,1
3320,bot,1,1
3321,human,0,2
3322,bot,1,0
3323,bot,1,2
3324,human,0,1
3325,human,0,1
3326,human,0,0
3327,human,0,2
3328,human,0,2
3329,human,0,1
3330,bot,1,1
3331,bot,1,1
3332,bot,1,2
3333,bot,1,0
3334,human,0,2
3335,human,0,0
3336,human,0,0
3337,human,0,0
3338,human,0,2
3339,human,0,0
3340,human,0,0
3341,human,0,1
3342,human,0,0
3343,human,0,0
3344,human,0,1
3345,bot,1,2
3346,human,0,2
3347,human,0,0
3348,human,0,0
3349,human,0,1
3350,bot,1,1
3351,bot,1,2
3352,bot,1,2
3353,bot,1,1
3354,human,0,1
3355,human,0,0
3356,human,0,2
3357,bot,1,1
3358,bot,1,1
3359,bot,1,0
3360,human,0,2
3361,human,0,2
3362,bot,1,2
3363,human,0,0
3364,human,0,1
3365,human,0,0
3366,human,0,2
3367,human,0,1
3368,human,0,1
3369,human,0,0
3370,human,0,1
3371,bot,1,0
3372,human,0,0
3373,human,0,2
3374,human,0,1
3375,human,0,2
3376,human,0,2
3377,bot,1,1
3378,human,0,2
3379,human,0,2
3380,human,0,1
3381,human,0,0
3382,human,0,2
3383,human,0,1
3384,bot,1,1
3385,bot,1,0
3386,human,0,2
3387,human,0,1
3388,human,0,2
3389,bot,1,0
3390,human,0,2
3391,human,0,2
3392,bot,1,1
3393,human,0,2
3394,bot,1,0
3395,human,0,0
3396,human,0,2
3397,bot,1,2
3398,human,0,2
3399,human,0,1
3400,human,0,1
3401,human,0,0
3402,human,0,1
3403,bot,1,1
3404,human,0,2
3405,bot,1,0
3406,bot,1,1
3407,human,0,1
3408,human,0,0
3409,bot,1,0
3410,bot,1,0
3411,human,0,0
3412,bot,1,2
3413,human,0,1
3414,bot,1,0
3415,bot,1,0
3416,human,0,0
3417,human,0,1
3418,human,0,0
3419,bot,1,0
3420,human,0,2
3421,human,0,2
3422,human,0,1
3423,bot,1,1
3424,human,0,0
3425,bot,1,1
3426,human,0,0
3427,human,0,0
3428,human,0,1
3429,human,0,0
3430,human,0,2
3431,human,0,1
3432,bot,1,1
3433,human,0,0
3434,human,0,0
3435,human,0,1
3436,human,0,2
3437,bot,1,1
3438,bot,1,0
3439,bot,1,0
3440,human,0,1
3441,human,0,1
3442,bot,1,1
3443,bot,1,0
3444,human,0,1
3445,bot,1,2
3446,human,0,2
3447,human,0,0
3448,human,0,1
3449,human,0,2
3450,human,0,1
3451,human,0,2
3452,human,0,1
3453,human,0,2
3454,human,0,1
3455,bot,1,0
3456,human,0,1
3457,bot,1,0
3458,human,0,2
3459,bot,1,1
3460,human,0,0
3461,human,0,2
3462,bot,1,0
3463,human,0,1
3464,human,0,1
3465,human,0,1
3466,human,0,2
3467,bot,1,1
3468,human,0,1
3469,human,0,0
3470,human,0,2
3471,human,0,0
3472,bot,1,0
3473,bot,1,0
3474,human,0,2
3475,human,0,1
3476,human,0,1
3477,human,0,2
3478,human,0,1
3479,bot,1,0
3480,human,0,0
3481,human,0,1
3482,bot,1,1
3483,bot,1,0
3484,human,0,2
3485,bot,1,1
3486,human,0,1
3487,human,0,1
3488,bot,1,2
3489,human,0,0
3490,human,0,0
3491,bot,1,0
3492,human,0,2
3493,human,0,2
3494,bot,1,0
3495,bot,1,1
3496,human,0,1
3497,bot,1,0
3498,human,0,0
3499,bot,1,0
3500,human,0,0
3501,human,0,2
3502,human,0,2
3503,bot,1,0
3504,human,0,1
3505,human,0,2
3506,human,0,0
3507,human,0,2
3508,human,0,0
3509,bot,1,2
3510,bot,1,1
3511,bot,1,0
3512,human,0,1
3513,human,0,2
3514,human,0,1
3515,human,0,0
3516,human,0,2
3517,human,0,0
3518,human,0,2
3519,bot,1,2
3520,human,0,0
3521,human,0,0
3522,bot,1,0
3523,human,0,0
3524,human,0,2
3525,human,0,0
3526,human,0,2
3527,human,0,1
3528,human,0,2
3529,human,0,1
3530,bot,1,0
3531,human,0,2
3532,human,0,1
3533,human,0,0
3534,human,0,1
3535,human,0,0
3536,bot,1,1
3537,human,0,1
3538,bot,1,0
3539,human,0,0
3540,human,0,1
3541,human,0,1
3542,bot,1,2
3543,human,0,2
3544,human,0,2
3545,human,0,1
3546,human,0,1
3547,bot,1,1
3548,human,0,0
3549,human,0,2
3550,human,0,1
3551,human,0,0
3552,bot,1,0
3553,human,0,1
3554,human,0,0
3555,human,0,0
3556,human,0,1
3557,human,0,1
3558,human,0,0
3559,human,0,1
3560,human,0,0
3561,human,0,2
3562,bot,1,0
3563,human,0,0
3564,human,0,2
3565,human,0,1
3566,human,0,2
3567,bot,1,2
3568,bot,1,1
3569,human,0,0
3570,human,0,1
3571,human,0,0
3572,human,0,2
3573,human,0,2
3574,human,0,2
3575,human,0,0
3576,bot,1,0
3577,bot,1,1
3578,bot,1,0
3579,human,0,1
3580,human,0,2
3581,bot,1,2
3582,human,0,1
3583,bot,1,2
3584,human,0,1
3585,human,0,2
3586,bot,1,0
3587,bot,1,0
3588,human,0,0
3589,bot,1,1
3590,bot,1,1
3591,human,0,1
3592,bot,1,1
3593,human,0,2
3594,human,0,2
3595,bot,1,2
3596,human,0,1
3597,human,0,0
3598,human,0,0
3599,human,0,0
3600,human,0,0
3601,human,0,0
3602,human,0,1
3603,human,0,1
3604,human,0,0
3605,bot,1,1
3606,bot,1,0
3607,bot,1,2
3608,human,0,0
3609,human,0,1
3610,human,0,2
3611,bot,1,2
3612,bot,1,1
3613,human,0,0
3614,bot,1,2
3615,human,0,1
3616,human,0,0
3617,bot,1,1
3618,human,0,1
3619,human,0,1
3620,human,0,2
3621,human,0,0
3622,human,0,1
3623,bot,1,2
3624,human,0,0
3625,human,0,1
3626,human,0,2
3627,human,0,2
3628,human,0,0
3629,bot,1,0
3630,human,0,0
3631,human,0,2
3632,human,0,1
3633,human,0,1
3634,human,0,2
3635,human,0,1
3636,human,0,1
3637,bot,1,0
3638,human,0,1
3639,human,0,1
3640,bot,1,0
3641,human,0,0
3642,bot,1,1
3643,bot,1,0
3644,human,0,2
3645,bot,1,2
3646,human,0,1
3647,human,0,0
3648,human,0,0
3649,human,0,1
3650,bot,1,1
3651,human,0,0
3652,bot,1,0
3653,human,0,1
3654,bot,1,0
3655,bot,1,2
3656,human,0,1
3657,human,0,2
3658,bot,1,0
3659,human,0,0
3660,bot,1,0
3661,human,0,0
3662,human,0,0
3663,human,0,1
3664,human,0,1
3665,human,0,2
3666,human,0,2
3667,bot,1,0
3668,human,0,2
3669,human,0,1
3670,human,0,0
3671,human,0,0
3672,bot,1,0
3673,human,0,0
3674,bot,1,0
3675,human,0,0
3676,bot,1,1
3677,bot,1,2
3678,human,0,1
3679,human,0,1
3680,human,0,1
3681,bot,1,0
3682,bot,1,0
3683,human,0,2
3684,bot,1,2
3685,bot,1,0
3686,human,0,2
3687,human,0,0
3688,human,0,1
3689,human,0,1
3690,human,0,1
3691,human,0,2
3692,bot,1,2
3693,human,0,1
3694,human,0,0
3695,human,0,1
3696,human,0,1
3697,bot,1,0
3698,human,0,2
3699,human,0,2
3700,human,0,0
3701,human,0,0
3702,bot,1,0
3703,human,0,1
3704,human,0,1
3705,human,0,0
3706,human,0,2
3707,human,0,2
3708,human,0,2
3709,human,0,0
3710,human,0,0
3711,human,0,1
3712,human,0,1
3713,bot,1,2
3714,human,0,0
3715,human,0,2
3716,human,0,1
3717,human,0,2
3718,bot,1,0
3719,human,0,2
3720,human,0,1
3721,human,0,1
3722,bot,1,1
3723,human,0,1
3724,human,0,2
3725,bot,1,2
3726,human,0,1
3727,human,0,1
3728,bot,1,0
3729,bot,1,1
3730,human,0,1
3731,human,0,0
3732,human,0,0
3733,human,0,2
3734,bot,1,0
3735,human,0,0
3736,human,0,1
3737,human,0,0
3738,bot,1,0
3739,bot,1,1
3740,human,0,2
3741,human,0,1
3742,bot,1,0
3743,bot,1,1
3744,bot,1,2
3745,bot,1,0
3746,bot,1,0
3747,human,0,0
3748,bot,1,0
3749,human,0,2
3750,human,0,0
3751,human,0,1
3752,human,0,2
3753,bot,1,0
3754,human,0,2
3755,human,0,2
3756,human,0,0
3757,human,0,0
3758,human,0,2
3759,human,0,0
3760,human,0,1
3761,bot,1,1
3762,human,0,1
3763,human,0,2
3764,human,0,1
3765,human,0,1
3766,human,0,2
3767,human,0,0
3768,human,0,0
3769,human,0,0
3770,human,0,0
3771,human,0,2
3772,human,0,0
3773,human,0,1
3774,human,0,2
3775,human,0,0
3776,human,0,0
3777,human,0,2
3778,human,0,0
3779,bot,1,1
3780,bot,1,1
3781,human,0,2
3782,human,0,2
3783,human,0,2
3784,human,0,0
3785,human,0,1
3786,bot,1,0
3787,bot,1,0
3788,human,0,0
3789,human,0,2
3790,human,0,1
3791,human,0,0
3792,human,0,2
3793,human,0,1
3794,human,0,0
3795,human,0,2
3796,bot,1,1
3797,human,0,2
3798,human,0,1
3799,bot,1,0
3800,human,0,0
3801,human,0,1
3802,human,0,1
3803,human,0,1
3804,bot,1,0
3805,human,0,2
3806,bot,1,1
3807,human,0,2
3808,human,0,2
3809,bot,1,2
3810,bot,1,2
3811,bot,1,0
3812,bot,1,1
3813,human,0,0
3814,human,0,1
3815,bot,1,2
3816,human,0,2
3817,human,0,1
3818,human,0,1
3819,human,0,0
3820,human,0,1
3821,bot,1,0
3822,human,0,0
3823,human,0,2
3824,human,0,1
3825,human,0,1
3826,human,0,0
3827,human,0,1
3828,human,0,2
3829,human,0,0
3830,bot,1,2
3831,human,0,2
3832,bot,1,1
3833,human,0,0
3834,human,0,1
3835,human,0,1
3836,human,0,0
3837,bot,1,1
3838,bot,1,0
3839,bot,1,0
3840,human,0,2
3841,human,0,1
3842,human,0,0
3843,human,0,0
3844,human,0,1
3845,human,0,2
3846,human,0,1
3847,bot,1,0
3848,human,0,1
3849,bot,1,2
3850,bot,1,2
3851,human,0,2
3852,human,0,1
3853,human,0,2
3854,human,0,0
3855,human,0,0
3856,bot,1,0
3857,human,0,0
3858,human,0,1
3859,bot,1,2
3860,bot,1,0
3861,bot,1,1
3862,bot,1,2
3863,human,0,0
3864,bot,1,0
3865,human,0,0
3866,human,0,2
3867,human,0,1
3868,human,0,2
3869,human,0,1
3870,bot,1,2
3871,bot,1,2
3872,bot,1,0
3873,human,0,1
3874,human,0,2
3875,human,0,2
3876,bot,1,1
3877,human,0,0
3878,bot,1,0
3879,human,0,1
3880,human,0,2
3881,human,0,2
3882,human,0,2
3883,bot,1,2
3884,bot,1,2
3885,human,0,2
3886,bot,1,0
3887,bot,1,2
3888,human,0,2
3889,human,0,1
3890,human,0,2
3891,bot,1,1
3892,human,0,2
3893,human,0,0
3894,human,0,1
3895,human,0,1
3896,human,0,1
3897,human,0,1
3898,human,0,1
3899,bot,1,0
3900,human,0,2
3901,bot,1,2
3902,human,0,0
3903,bot,1,0
3904,bot,1,1
3905,bot,1,0
3906,human,0,2
3907,human,0,0
3908,bot,1,1
3909,human,0,0
3910,bot,1,1
3911,human,0,0
3912,human,0,2
3913,human,0,0
3914,bot,1,0
3915,human,0,1
3916,bot,1,0
3917,human,0,0
3918,human,0,1
3919,human,0,2
3920,human,0,0
3921,human,0,0
3922,bot,1,0
3923,human,0,2
3924,bot,1,0
3925,human,0,1
3926,human,0,1
3927,human,0,1
3928,human,0,1
3929,human,0,1
3930,human,0,2
3931,bot,1,2
3932,human,0,1
3933,human,0,1
3934,human,0,1
3935,human,0,2
3936,bot,1,2
3937,human,0,1
3938,human,0,2
3939,human,0,0
3940,human,0,2
3941,human,0,1
3942,bot,1,0
3943,bot,1,0
3944,human,0,0
3945,human,0,2
3946,bot,1,0
3947,human,0,1
3948,human,0,1
3949,human,0,1
3950,human,0,2
3951,bot,1,2
3952,human,0,1
3953,human,0,2
3954,bot,1,1
3955,human,0,0
3956,human,0,1
3957,human,0,0
3958,human,0,1
3959,human,0,2
3960,bot,1,2
3961,human,0,0
3962,human,0,1
3963,human,0,1
3964,human,0,2
3965,human,0,1
3966,human,0,0
3967,bot,1,2
3968,human,0,0
3969,human,0,0
3970,human,0,2
3971,bot,1,2
3972,human,0,2
3973,human,0,1
3974,bot,1,0
3975,human,0,0
3976,human,0,1
3977,human,0,1
3978,human,0,2
3979,bot,1,0
3980,bot,1,1
3981,human,0,0
3982,bot,1,1
3983,human,0,1
3984,human,0,0
3985,human,0,1
3986,human,0,0
3987,human,0,1
3988,human,0,2
3989,human,0,2
3990,bot,1,0
3991,bot,1,0
3992,human,0,0
3993,human,0,1
3994,human,0,0
3995,human,0,0
3996,human,0,0
3997,human,0,2
3998,bot,1,0
3999,human,0,2
4000,human,0,0
4001,bot,1,1
4002,human,0,0
4003,human,0,2
4004,human,0,2
4005,human,0,0
4006,bot,1,0
4007,human,0,2
4008,human,0,0
4009,bot,1,1
4010,human,0,2
4011,bot,1,1
4012,human,0,2
4013,bot,1,2
4014,bot,1,1
4015,bot,1,1
4016,human,0,2
4017,human,0,1
4018,human,0,1
4019,bot,1,1
4020,human,0,0
4021,bot,1,0
4022,human,0,0
4023,human,0,0
4024,human,0,1
4025,bot,1,0
4026,human,0,1
4027,human,0,1
4028,human,0,0
4029,human,0,1
4030,human,0,1
4031,human,0,2
4032,human,0,1
4033,human,0,1
4034,human,0,1
4035,human,0,2
4036,human,0,0
4037,human,0,2
4038,human,0,1
4039,bot,1,0
4040,human,0,2
4041,bot,1,0
4042,human,0,1
4043,human,0,1
4044,bot,1,2
4045,human,0,1
4046,human,0,1
4047,bot,1,1
4048,human,0,2
4049,human,0,1
4050,human,0,0
4051,human,0,2
4052,human,0,0
4053,bot,1,2
4054,bot,1,0
4055,human,0,0
4056,bot,1,2
4057,human,0,1
4058,human,0,0
4059,human,0,0
4060,human,0,1
4061,human,0,0
4062,human,0,1
4063,human,0,0
4064,human,0,1
4065,bot,1,2
4066,bot,1,2
4067,human,0,0
4068,bot,1,0
4069,human,0,1
4070,bot,1,2
4071,bot,1,0
4072,human,0,1
4073,human,0,2
4074,human,0,0
4075,human,0,2
4076,human,0,1
4077,bot,1,0
4078,bot,1,0
4079,human,0,0
4080,human,0,1
4081,human,0,1
4082,human,0,1
4083,bot,1,1
4084,bot,1,0
4085,human,0,2
4086,bot,1,2
4087,human,0,1
4088,human,0,0
4089,human,0,0
4090,human,0,2
4091,human,0,2
4092,human,0,2
4093,human,0,2
4094,human,0,1
4095,bot,1,2
4096,bot,1,2
4097,human,0,0
4098,human,0,2
4099,bot,1,1
4100,human,0,1
4101,bot,1,0
4102,human,0,1
4103,bot,1,0
4104,human,0,1
4105,human,0,1
4106,human,0,1
4107,human,0,0
4108,bot,1,0
4109,human,0,1
4110,human,0,1
4111,human,0,1
4112,human,0,0
4113,human,0,2
4114,bot,1,0
4115,human,0,2
4116,bot,1,1
4117,human,0,1
4118,human,0,1
4119,human,0,1
4120,human,0,1
4121,bot,1,0
4122,human,0,1
4123,human,0,0
4124,human,0,2
4125,human,0,0
4126,human,0,0
4127,bot,1,2
4128,bot,1,0
4129,human,0,1
4130,human,0,1
4131,bot,1,1
4132,human,0,1
4133,human,0,1
4134,human,0,0
4135,human,0,1
4136,human,0,2
4137,human,0,1
4138,bot,1,0
4139,human,0,0
4140,human,0,0
4141,human,0,2
4142,bot,1,1
4143,human,0,2
4144,bot,1,2
4145,human,0,1
4146,human,0,0
4147,human,0,1
4148,bot,1,1
4149,human,0,0
4150,human,0,0
4151,human,0,1
4152,human,0,2
4153,human,0,2
4154,human,0,1
4155,bot,1,1
4156,bot,1,0
4157,human,0,0
4158,human,0,1
4159,human,0,1
4160,bot,1,0
4161,human,0,0
4162,human,0,0
4163,bot,1,1
4164,human,0,0
4165,human,0,1
4166,bot,1,0
4167,bot,1,1
4168,bot,1,1
4169,human,0,0
4170,human,0,2
4171,human,0,0
4172,human,0,0
4173,human,0,0
4174,bot,1,2
4175,human,0,1
4176,human,0,2
4177,human,0,0
4178,bot,1,0
4179,bot,1,0
4180,human,0,2
4181,human,0,2
4182,human,0,1
4183,bot,1,0
4184,human,0,2
4185,bot,1,2
4186,human,0,1
4187,human,0,0
4188,human,0,2
4189,human,0,2
4190,human,0,0
4191,bot,1,2
4192,human,0,2
4193,human,0,0
4194,human,0,0
4195,human,0,1
4196,human,0,2
4197,bot,1,2
4198,human,0,2
4199,bot,1,1
4200,human,0,0
4201,human,0,0
4202,human,0,1
4203,human,0,2
4204,human,0,0
4205,bot,1,1
4206,human,0,1
4207,human,0,1
4208,human,0,1
4209,human,0,0
4210,human,0,1
4211,human,0,0
4212,human,0,0
4213,human,0,0
4214,human,0,2
4215,human,0,1
4216,bot,1,1
4217,human,0,1
4218,human,0,0
4219,human,0,0
4220,bot,1,1
4221,bot,1,0
4222,human,0,0
4223,human,0,2
4224,human,0,2
4225,bot,1,0
4226,bot,1,1
4227,human,0,0
4228,human,0,0
4229,human,0,1
4230,human,0,1
4231,bot,1,2
4232,bot,1,0
4233,human,0,1
4234,bot,1,0
4235,human,0,2
4236,human,0,1
4237,human,0,0
4238,human,0,0
4239,bot,1,0
4240,bot,1,1
4241,human,0,2
4242,human,0,1
4243,human,0,0
4244,bot,1,1
4245,human,0,2
4246,human,0,0
4247,human,0,1
4248,human,0,0
4249,bot,1,2
4250,human,0,0
4251,human,0,0
4252,human,0,0
4253,bot,1,0
4254,bot,1,1
4255,human,0,1
4256,human,0,0
4257,human,0,2
4258,human,0,0
4259,human,0,2
4260,human,0,1
4261,human,0,2
4262,bot,1,1
4263,bot,1,0
4264,human,0,2
4265,human,0,2
4266,human,0,0
4267,human,0,1
4268,bot,1,1
4269,bot,1,0
4270,bot,1,0
4271,bot,1,1
4272,human,0,2
4273,bot,1,0
4274,human,0,2
4275,human,0,0
4276,human,0,1
4277,human,0,0
4278,human,0,2
4279,human,0,1
4280,human,0,2
4281,human,0,2
4282,human,0,0
4283,human,0,0
4284,human,0,0
4285,human,0,1
4286,human,0,2
4287,human,0,1
4288,bot,1,0
4289,human,0,0
4290,human,0,0
4291,human,0,0
4292,human,0,0
4293,bot,1,2
4294,human,0,1
4295,bot,1,0
4296,bot,1,1
4297,human,0,2
4298,bot,1,2
4299,human,0,0
4300,bot,1,2
4301,bot,1,1
4302,human,0,0
4303,human,0,1
4304,human,0,2
4305,human,0,2
4306,human,0,2
4307,human,0,0
4308,bot,1,0
4309,human,0,1
4310,human,0,2
4311,human,0,2
4312,human,0,0
4313,human,0,1
4314,human,0,0
4315,human,0,0
4316,human,0,2
4317,human,0,2
4318,human,0,1
4319,human,0,1
4320,human,0,2
4321,bot,1,1
4322,human,0,1
4323,bot,1,0
4324,human,0,0
4325,human,0,2
4326,human,0,2
4327,human,0,0
4328,human,0,0
4329,bot,1,2
4330,human,0,1
4331,bot,1,0
4332,bot,1,0
4333,bot,1,0
4334,human,0,1
4335,human,0,1
4336,bot,1,0
4337,human,0,2
4338,bot,1,0
4339,human,0,2
4340,human,0,2
4341,human,0,0
4342,human,0,1
4343,human,0,0
4344,human,0,2
4345,human,0,0
4346,human,0,1
4347,human,0,2
4348,bot,1,2
4349,human,0,0
4350,bot,1,2
4351,human,0,2
4352,human,0,2
4353,human,0,1
4354,bot,1,0
4355,bot,1,1
4356,human,0,1
4357,human,0,1
4358,human,0,2
4359,bot,1,0
4360,human,0,0
4361,human,0,0
4362,bot,1,0
4363,human,0,0
4364,bot,1,2
4365,human,0,2
4366,bot,1,0
4367,human,0,2
4368,human,0,1
4369,bot,1,2
4370,bot,1,0
4371,human,0,1
4372,human,0,2
4373,human,0,0
4374,human,0,1
4375,bot,1,2
4376,human,0,2
4377,human,0,2
4378,bot,1,1
4379,bot,1,0
4380,bot,1,1
4381,human,0,0
4382,human,0,0
4383,human,0,1
4384,bot,1,1
4385,bot,1,2
4386,human,0,1
4387,human,0,0
4388,bot,1,0
4389,human,0,1
4390,human,0,0
4391,bot,1,2
4392,human,0,1
4393,human,0,1
4394,bot,1,0
4395,human,0,1
4396,bot,1,0
4397,human,0,1
4398,bot,1,2
4399,human,0,1
4400,human,0,1
4401,bot,1,0
4402,bot,1,1
4403,human,0,2
4404,bot,1,0
4405,human,0,1
4406,human,0,1
4407,bot,1,2
4408,human,0,2
4409,human,0,2
4410,human,0,2
4411,human,0,0
4412,bot,1,2
4413,human,0,0
4414,human,0,0
4415,human,0,1
4416,human,0,1
4417,human,0,0
4418,human,0,1
4419,human,0,2
4420,human,0,0
4421,human,0,0
4422,bot,1,1
4423,human,0,0
4424,human,0,2
4425,human,0,2
4426,human,0,2
4427,human,0,2
4428,human,0,0
4429,human,0,2
4430,bot,1,1
4431,bot,1,1
4432,human,0,2
4433,bot,1,2
4434,human,0,0
4435,human,0,2
4436,human,0,0
4437,human,0,0
4438,human,0,2
4439,human,0,1
4440,bot,1,0
4441,human,0,2
4442,human,0,2
4443,bot,1,0
4444,human,0,2
4445,human,0,0
4446,human,0,1
4447,human,0,0
4448,human,0,0
4449,human,0,2
4450,human,0,1
4451,human,0,2
4452,human,0,2
4453,bot,1,0
4454,human,0,0
4455,human,0,1
4456,bot,1,2
4457,human,0,1
4458,human,0,0
4459,human,0,2
4460,human,0,1
4461,bot,1,1
4462,human,0,1
4463,human,0,1
4464,human,0,0
4465,human,0,2
4466,human,0,1
4467,bot,1,1
4468,human,0,2
4469,human,0,1
4470,human,0,1
4471,human,0,0
4472,human,0,1
4473,human,0,0
4474,bot,1,1
4475,human,0,0
4476,human,0,1
4477,human,0,1
4478,human,0,2
4479,human,0,0
4480,human,0,0
4481,human,0,2
4482,human,0,0
4483,bot,1,1
4484,bot,1,1
4485,bot,1,1
4486,human,0,1
4487,human,0,0
4488,human,0,1
4489,human,0,1
4490,human,0,0
4491,bot,1,0
4492,human,0,1
4493,human,0,2
4494,human,0,1
4495,human,0,1
4496,human,0,0
4497,bot,1,1
4498,human,0,0
4499,human,0,1
4500,human,0,2
4501,human,0,1
4502,human,0,1
4503,human,0,2
4504,human,0,0
4505,human,0,1
4506,human,0,0
4507,human,0,0
4508,human,0,2
4509,human,0,2
4510,bot,1,2
4511,human,0,0
4512,bot,1,0
4513,human,0,1
4514,human,0,1
4515,human,0,2
4516,human,0,1
4517,human,0,0
4518,human,0,0
4519,human,0,1
4520,human,0,2
4521,human,0,1
4522,human,0,1
4523,bot,1,2
4524,human,0,0
4525,bot,1,0
4526,human,0,2
4527,human,0,2
4528,bot,1,1
4529,bot,1,0
4530,human,0,0
4531,bot,1,1
4532,bot,1,0
4533,human,0,1
4534,bot,1,2
4535,human,0,2
4536,human,0,0
4537,human,0,1
4538,human,0,1
4539,human,0,1
4540,human,0,0
4541,human,0,0
4542,human,0,2
4543,human,0,0
4544,bot,1,0
4545,human,0,2
4546,human,0,2
4547,human,0,0
4548,bot,1,0
4549,human,0,2
4550,human,0,2
4551,human,0,0
4552,human,0,0
4553,bot,1,0
4554,bot,1,0
4555,human,0,2
4556,human,0,1
4557,human,0,2
4558,human,0,1
4559,human,0,0
4560,human,0,0
4561,human,0,2
4562,bot,1,1
4563,human,0,1
4564,human,0,2
4565,human,0,1
4566,bot,1,2
4567,human,0,1
4568,human,0,2
4569,human,0,1
4570,human,0,2
4571,human,0,2
4572,human,0,0
4573,human,0,1
4574,human,0,0
4575,human,0,2
4576,human,0,2
4577,human,0,2
4578,bot,1,0
4579,human,0,1
4580,human,0,2
4581,bot,1,0
4582,human,0,1
4583,human,0,2
4584,human,0,1
4585,human,0,1
4586,human,0,2
4587,bot,1,1
4588,human,0,1
4589,human,0,1
4590,human,0,2
4591,bot,1,0
4592,human,0,2
4593,human,0,2
4594,human,0,1
4595,human,0,1
4596,human,0,2
4597,bot,1,1
4598,bot,1,0
4599,human,0,2
4600,human,0,2
4601,human,0,1
4602,human,0,2
4603,human,0,0
4604,bot,1,1
4605,human,0,0
4606,bot,1,2
4607,bot,1,0
4608,human,0,1
4609,human,0,0
4610,human,0,2
4611,human,0,0
4612,bot,1,0
4613,human,0,2
4614,bot,1,1
4615,human,0,1
4616,human,0,1
4617,bot,1,0
4618,human,0,0
4619,bot,1,0
4620,human,0,0
4621,human,0,1
4622,human,0,0
4623,bot,1,1
4624,human,0,0
4625,human,0,1
4626,bot,1,0
4627,human,0,0
4628,human,0,0
4629,human,0,0
4630,human,0,1
4631,human,0,0
4632,human,0,1
4633,human,0,1
4634,bot,1,2
4635,bot,1,0
4636,human,0,2
4637,human,0,1
4638,human,0,1
4639,human,0,0
4640,human,0,2
4641,human,0,2
4642,human,0,0
4643,bot,1,2
4644,human,0,0
4645,human,0,0
4646,human,0,0
4647,bot,1,1
4648,human,0,0
4649,bot,1,1
4650,bot,1,2
4651,human,0,2
4652,human,0,0
4653,human,0,0
4654,human,0,0
4655,human,0,0
4656,human,0,2
4657,human,0,0
4658,human,0,1
4659,human,0,2
4660,human,0,2
4661,bot,1,1
4662,human,0,0
4663,bot,1,0
4664,human,0,1
4665,human,0,1
4666,human,0,1
4667,human,0,1
4668,human,0,1
4669,human,0,2
4670,human,0,1
4671,bot,1,2
4672,bot,1,2
4673,human,0,2
4674,human,0,0
4675,bot,1,0
4676,human,0,2
4677,bot,1,1
4678,human,0,1
4679,human,0,0
4680,bot,1,2
4681,human,0,2
4682,human,0,0
4683,human,0,1
4684,bot,1,2
4685,human,0,1
4686,human,0,2
4687,human,0,1
4688,human,0,1
4689,human,0,0
4690,bot,1,0
4691,human,0,0
4692,human,0,0
4693,bot,1,2
4694,human,0,1
4695,bot,1,0
4696,bot,1,2
4697,human,0,0
4698,human,0,1
4699,human,0,1
4700,bot,1,2
4701,human,0,2
4702,human,0,1
4703,human,0,0
4704,human,0,1
4705,human,0,2
4706,human,0,0
4707,human,0,0
4708,bot,1,0
4709,human,0,2
4710,human,0,0
4711,human,0,0
4712,human,0,1
4713,human,0,2
4714,human,0,2
4715,bot,1,1
4716,bot,1,2
4717,human,0,0
4718,human,0,2
4719,human,0,2
4720,human,0,2
4721,bot,1,0
4722,human,0,2
4723,bot,1,2
4724,human,0,0
4725,human,0,0
4726,human,0,0
4727,human,0,0
4728,human,0,1
4729,human,0,1
4730,human,0,1
4731,human,0,2
4732,human,0,1
4733,human,0,2
4734,human,0,1
4735,human,0,1
4736,human,0,0
4737,human,0,1
4738,bot,1,0
4739,bot,1,1
4740,human,0,2
4741,human,0,1
4742,bot,1,2
4743,human,0,0
4744,human,0,2
4745,human,0,0
4746,human,0,0
4747,human,0,2
4748,bot,1,0
4749,human,0,2
4750,bot,1,2
4751,bot,1,0
4752,human,0,2
4753,human,0,1
4754,human,0,0
4755,human,0,1
4756,human,0,0
4757,human,0,1
4758,human,0,0
4759,human,0,2
4760,bot,1,1
4761,human,0,0
4762,human,0,0
4763,human,0,1
4764,human,0,1
4765,bot,1,0
4766,human,0,2
4767,bot,1,0
4768,human,0,0
4769,human,0,2
4770,bot,1,0
4771,human,0,1
4772,human,0,0
4773,human,0,0
4774,human,0,0
4775,human,0,0
4776,bot,1,1
4777,human,0,1
4778,human,0,0
4779,human,0,1
4780,bot,1,0
4781,human,0,0
4782,human,0,1
4783,human,0,0
4784,human,0,1
4785,human,0,0
4786,human,0,1
4787,human,0,1
4788,human,0,1
4789,human,0,2
4790,human,0,2
4791,human,0,1
4792,human,0,0
4793,human,0,0
4794,human,0,0
4795,human,0,2
4796,human,0,2
4797,bot,1,2
4798,human,0,1
4799,bot,1,2
4800,human,0,1
4801,bot,1,0
4802,bot,1,1
4803,bot,1,0
4804,human,0,2
4805,bot,1,2
4806,human,0,0
4807,human,0,1
4808,human,0,0
4809,human,0,2
4810,human,0,0
4811,bot,1,1
4812,bot,1,0
4813,human,0,0
4814,human,0,1
4815,human,0,0
4816,human,0,0
4817,human,0,0
4818,bot,1,1
4819,human,0,1
4820,human,0,2
4821,human,0,0
4822,bot,1,0
4823,bot,1,0
4824,human,0,2
4825,human,0,1
4826,human,0,1
4827,human,0,0
4828,human,0,1
4829,bot,1,1
4830,human,0,1
4831,human,0,0
4832,human,0,0
4833,human,0,2
4834,human,0,1
4835,bot,1,1
4836,human,0,1
4837,human,0,2
4838,bot,1,1
4839,bot,1,1
4840,human,0,2
4841,bot,1,1
4842,human,0,1
4843,human,0,2
4844,bot,1,1
4845,human,0,0
4846,human,0,2
4847,human,0,1
4848,human,0,0
4849,human,0,0
4850,human,0,2
4851,bot,1,1
4852,human,0,1
4853,human,0,2
4854,human,0,0
4855,bot,1,0
4856,human,0,1
4857,human,0,2
4858,human,0,1
4859,bot,1,0
4860,human,0,1
4861,human,0,0
4862,bot,1,1
4863,bot,1,1
4864,human,0,0
4865,human,0,1
4866,human,0,1
4867,human,0,1
4868,human,0,1
4869,human,0,1
4870,bot,1,1
4871,human,0,1
4872,human,0,2
4873,human,0,2
4874,bot,1,1
4875,human,0,1
4876,bot,1,1
4877,human,0,2
4878,human,0,1
4879,human,0,1
4880,human,0,2
4881,human,0,0
4882,human,0,2
4883,human,0,2
4884,bot,1,1
4885,bot,1,2
4886,bot,1,1
4887,human,0,1
4888,bot,1,1
4889,bot,1,0
4890,human,0,1
4891,human,0,0
4892,bot,1,2
4893,bot,1,2
4894,human,0,1
4895,human,0,1
4896,human,0,1
4897,human,0,1
4898,human,0,2
4899,bot,1,1
4900,human,0,2
4901,human,0,2
4902,human,0,1
4903,human,0,2
4904,bot,1,1
4905,human,0,0
4906,human,0,0
4907,bot,1,0
4908,human,0,2
4909,human,0,2
4910,human,0,0
4911,human,0,0
4912,human,0,2
4913,human,0,2
4914,human,0,0
4915,bot,1,0
4916,human,0,0
4917,bot,1,2
4918,human,0,2
4919,bot,1,0
4920,human,0,1
4921,human,0,1
4922,bot,1,0
4923,human,0,1
4924,human,0,2
4925,bot,1,0
4926,human,0,2
4927,bot,1,1
4928,human,0,1
4929,human,0,0
4930,human,0,1
4931,human,0,2
4932,human,0,1
4933,bot,1,0
4934,bot,1,2
4935,human,0,0
4936,bot,1,0
4937,human,0,0
4938,human,0,0
4939,bot,1,0
4940,bot,1,0
4941,human,0,2
4942,human,0,2
4943,bot,1,0
4944,human,0,1
4945,human,0,1
4946,human,0,1
4947,human,0,0
4948,human,0,0
4949,human,0,1
4950,human,0,0
4951,human,0,0
4952,human,0,0
4953,human,0,1
4954,human,0,0
4955,human,0,0
4956,human,0,2
4957,human,0,1
4958,bot,1,2
4959,bot,1,1
4960,human,0,1
4961,bot,1,2
4962,human,0,2
4963,bot,1,1
4964,human,0,1
4965,human,0,2
4966,human,0,0
4967,human,0,0
4968,human,0,1
4969,human,0,0
4970,human,0,0
4971,bot,1,0
4972,bot,1,0
4973,human,0,1
4974,human,0,0
4975,human,0,2
4976,human,0,1
4977,human,0,1
4978,human,0,0
4979,human,0,2
4980,human,0,1
4981,bot,1,0
4982,human,0,0
4983,human,0,1
4984,human,0,0
4985,human,0,0
4986,human,0,0
4987,human,0,2
4988,bot,1,1
4989,bot,1,1
4990,human,0,0
4991,human,0,1
4992,human,0,1
4993,human,0,1
4994,bot,1,1
4995,bot,1,1
4996,human,0,1
4997,human,0,1
4998,human,0,2
4999,human,0,0
5000,human,0,2
5001,human,0,0
5002,human,0,1
5003,human,0,0
5004,bot,1,1
5005,human,0,1
5006,human,0,2
5007,bot,1,2
5008,bot,1,1
5009,human,0,0
5010,bot,1,0
5011,human,0,2
5012,bot,1,0
5013,bot,1,0
5014,bot,1,0
5015,human,0,0
5016,human,0,1
5017,human,0,2
5018,bot,1,2
5019,human,0,1
5020,human,0,2
5021,human,0,0
5022,human,0,2
5023,human,0,2
5024,bot,1,0
5025,human,0,2
5026,human,0,0
5027,human,0,1
5028,human,0,0
5029,human,0,0
5030,human,0,1
5031,human,0,2
5032,human,0,0
5033,human,0,2
5034,human,0,1
5035,human,0,1
5036,human,0,1
5037,human,0,1
5038,human,0,1
5039,human,0,1
5040,human,0,0
5041,human,0,1
5042,human,0,2
5043,human,0,2
5044,bot,1,0
5045,human,0,1
5046,human,0,1
5047,human,0,1
5048,human,0,0
5049,human,0,2
5050,human,0,2
5051,human,0,1
5052,human,0,1
5053,human,0,0
5054,human,0,2
5055,human,0,0
5056,human,0,2
5057,human,0,1
5058,bot,1,1
5059,human,0,2
5060,human,0,1
5061,bot,1,1
5062,human,0,0
5063,human,0,2
5064,bot,1,1
5065,human,0,0
5066,human,0,2
5067,human,0,1
5068,bot,1,0
5069,bot,1,0
5070,human,0,2
5071,human,0,0
5072,human,0,1
5073,human,0,0
5074,bot,1,0
5075,human,0,1
5076,human,0,2
5077,human,0,0
5078,human,0,1
5079,human,0,1
5080,human,0,2
5081,human,0,2
5082,human,0,1
5083,human,0,0
5084,bot,1,1
5085,human,0,0
5086,human,0,0
5087,human,0,0
5088,bot,1,0
5089,human,0,1
5090,bot,1,0
5091,human,0,1
5092,human,0,1
5093,human,0,1
5094,human,0,1
5095,human,0,1
5096,human,0,0
5097,human,0,0
5098,bot,1,0
5099,human,0,1
5100,human,0,0
5101,bot,1,0
5102,human,0,0
5103,bot,1,0
5104,human,0,0
5105,human,0,0
5106,human,0,0
5107,human,0,1
5108,human,0,2
5109,human,0,0
5110,human,0,2
5111,bot,1,2
5112,bot,1,0
5113,bot,1,0
5114,human,0,0
5115,human,0,1
5116,human,0,0
5117,bot,1,0
5118,bot,1,1
5119,human,0,2
5120,bot,1,0
5121,human,0,1
5122,human,0,1
5123,human,0,2
5124,human,0,0
5125,human,0,2
5126,human,0,1
5127,human,0,0
5128,bot,1,1
5129,human,0,0
5130,human,0,1
5131,human,0,1
5132,human,0,1
5133,human,0,0
5134,human,0,2
5135,bot,1,2
5136,human,0,0
5137,human,0,0
5138,bot,1,1
5139,human,0,2
5140,human,0,2
5141,bot,1,1
5142,human,0,0
5143,bot,1,2
5144,human,0,2
5145,human,0,1
5146,human,0,2
5147,human,0,1
5148,human,0,0
5149,bot,1,1
5150,human,0,1
5151,human,0,1
5152,human,0,1
5153,bot,1,0
5154,human,0,2
5155,human,0,1
5156,human,0,1
5157,bot,1,1
5158,bot,1,1
5159,human,0,1
5160,bot,1,2
5161,bot,1,0
5162,human,0,0
5163,human,0,1
5164,human,0,1
5165,bot,1,0
5166,human,0,0
5167,human,0,1
5168,human,0,1
5169,bot,1,0
5170,human,0,0
5171,human,0,0
5172,human,0,1
5173,bot,1,1
5174,human,0,0
5175,human,0,2
5176,human,0,1
5177,bot,1,1
5178,human,0,0
5179,human,0,2
5180,bot,1,1
5181,human,0,1
5182,human,0,2
5183,bot,1,0
5184,human,0,0
5185,human,0,1
5186,human,0,1
5187,human,0,2
5188,human,0,0
5189,human,0,0
5190,human,0,2
5191,bot,1,0
5192,human,0,2
5193,human,0,2
5194,human,0,1
5195,human,0,0
5196,bot,1,1
5197,human,0,1
5198,human,0,0
5199,human,0,1
5200,human,0,1
5201,human,0,2
5202,human,0,0
5203,human,0,0
5204,human,0,0
5205,bot,1,0
5206,bot,1,0
5207,bot,1,1
5208,human,0,1
5209,human,0,0
5210,human,0,2
5211,bot,1,1
5212,bot,1,2
5213,bot,1,1
5214,bot,1,0
5215,human,0,1
5216,human,0,1
5217,human,0,1
5218,human,0,2
5219,human,0,0
5220,bot,1,0
5221,bot,1,0
5222,human,0,0
5223,human,0,0
5224,human,0,1
5225,bot,1,1
5226,human,0,0
5227,bot,1,2
5228,human,0,1
5229,human,0,1
5230,bot,1,1
5231,human,0,2
5232,human,0,0
5233,human,0,0
5234,bot,1,1
5235,human,0,0
5236,human,0,0
5237,human,0,1
5238,human,0,1
5239,human,0,0
5240,human,0,2
5241,human,0,1
5242,human,0,0
5243,human,0,0
5244,bot,1,0
5245,human,0,1
5246,human,0,1
5247,human,0,2
5248,human,0,1
5249,human,0,2
5250,bot,1,1
5251,human,0,0
5252,human,0,1
5253,human,0,1
5254,human,0,0
5255,human,0,0
5256,bot,1,0
5257,human,0,1
5258,human,0,1
5259,human,0,0
5260,bot,1,0
5261,human,0,1
5262,human,0,1
5263,bot,1,1
5264,bot,1,1
5265,human,0,1
5266,bot,1,1
5267,bot,1,0
5268,human,0,2
5269,human,0,1
5270,human,0,0
5271,human,0,0
5272,human,0,0
5273,human,0,1
5274,human,0,1
5275,human,0,1
5276,human,0,1
5277,human,0,1
5278,bot,1,1
5279,human,0,0
5280,bot,1,2
5281,bot,1,0
5282,bot,1,0
5283,human,0,2
5284,human,0,0
5285,bot,1,0
5286,human,0,2
5287,bot,1,0
5288,human,0,1
5289,human,0,2
5290,bot,1,2
5291,human,0,2
5292,bot,1,0
5293,human,0,0
5294,human,0,2
5295,human,0,1
5296,human,0,0
5297,human,0,1
5298,human,0,0
5299,human,0,1
5300,human,0,1
5301,human,0,0
5302,bot,1,1
5303,human,0,1
5304,human,0,0
5305,bot,1,0
5306,human,0,0
5307,human,0,1
5308,human,0,2
5309,bot,1,2
5310,human,0,0
5311,human,0,1
5312,human,0,1
5313,human,0,0
5314,bot,1,0
5315,bot,1,0
5316,human,0,0
5317,bot,1,2
5318,human,0,2
5319,human,0,2
5320,human,0,1
5321,human,0,1
5322,human,0,1
5323,human,0,2
5324,human,0,1
5325,human,0,1
5326,human,0,2
5327,human,0,1
5328,human,0,2
5329,human,0,2
5330,human,0,0
5331,human,0,1
5332,human,0,1
5333,bot,1,0
5334,bot,1,1
5335,human,0,0
5336,bot,1,0
5337,human,0,2
5338,human,0,2
5339,human,0,0
5340,bot,1,0
5341,human,0,0
5342,human,0,0
5343,human,0,0
5344,human,0,1
5345,human,0,1
5346,human,0,2
5347,human,0,1
5348,human,0,1
5349,bot,1,0
5350,human,0,2
5351,bot,1,2
5352,human,0,0
5353,human,0,0
5354,human,0,0
5355,bot,1,2
5356,human,0,0
5357,bot,1,0
5358,human,0,2
5359,bot,1,0
5360,human,0,1
5361,human,0,2
5362,human,0,0
5363,human,0,1
5364,human,0,2
5365,human,0,0
5366,human,0,2
5367,human,0,1
5368,human,0,1
5369,bot,1,2
5370,bot,1,0
5371,human,0,2
5372,human,0,1
5373,human,0,2
5374,human,0,2
5375,human,0,2
5376,bot,1,2
5377,human,0,2
5378,human,0,0
5379,human,0,2
5380,bot,1,1
5381,human,0,0
5382,human,0,2
5383,human,0,0
5384,human,0,2
5385,bot,1,0
5386,human,0,1
5387,bot,1,0
5388,human,0,0
5389,human,0,0
5390,human,0,0
5391,bot,1,2
5392,bot,1,0
5393,human,0,0
5394,human,0,2
5395,bot,1,1
5396,human,0,2
5397,bot,1,1
5398,human,0,0
5399,human,0,0
5400,human,0,0
5401,human,0,0
5402,human,0,2
5403,human,0,1
5404,human,0,1
5405,human,0,1
5406,human,0,0
5407,human,0,1
5408,human,0,2
5409,human,0,0
5410,bot,1,1
5411,bot,1,0
5412,bot,1,0
5413,human,0,1
5414,human,0,1
5415,human,0,1
5416,human,0,1
5417,human,0,1
5418,human,0,1
5419,bot,1,0
5420,human,0,0
5421,bot,1,2
5422,bot,1,2
5423,human,0,1
5424,human,0,0
5425,human,0,2
5426,human,0,1
5427,human,0,1
5428,human,0,2
5429,human,0,0
5430,human,0,1
5431,human,0,0
5432,human,0,1
5433,human,0,2
5434,human,0,1
5435,bot,1,0
5436,human,0,1
5437,human,0,0
5438,human,0,2
5439,human,0,0
5440,human,0,2
5441,bot,1,0
5442,human,0,0
5443,human,0,2
5444,human,0,1
5445,human,0,0
5446,human,0,0
5447,human,0,1
5448,bot,1,0
5449,human,0,2
5450,human,0,1
5451,human,0,1
5452,human,0,1
5453,human,0,0
5454,bot,1,0
5455,human,0,0
5456,human,0,0
5457,bot,1,2
5458,human,0,0
5459,human,0,2
5460,human,0,1
5461,human,0,0
5462,human,0,2
5463,human,0,2
5464,human,0,1
5465,human,0,1
5466,human,0,1
5467,human,0,0
5468,human,0,2
5469,bot,1,1
5470,human,0,2
5471,bot,1,1
5472,human,0,2
5473,human,0,1
5474,human,0,1
5475,human,0,0
5476,human,0,2
5477,bot,1,0
5478,human,0,2
5479,human,0,2
5480,human,0,2
5481,bot,1,0
5482,human,0,1
5483,human,0,0
5484,human,0,2
5485,human,0,2
5486,human,0,1
5487,human,0,0
5488,bot,1,1
5489,human,0,2
5490,bot,1,0
5491,human,0,2
5492,human,0,1
5493,bot,1,0
5494,human,0,0
5495,bot,1,1
5496,human,0,1
5497,bot,1,1
5498,human,0,2
5499,human,0,1
5500,human,0,0
5501,bot,1,0
5502,human,0,0
5503,human,0,0
5504,bot,1,0
5505,human,0,0
5506,human,0,2
5507,human,0,0
5508,human,0,2
5509,human,0,2
5510,human,0,1
5511,human,0,0
5512,human,0,2
5513,bot,1,0
5514,bot,1,1
5515,bot,1,2
5516,human,0,1
5517,bot,1,0
5518,human,0,1
5519,human,0,1
5520,bot,1,2
5521,bot,1,0
5522,human,0,2
5523,human,0,0
5524,bot,1,2
5525,human,0,1
5526,bot,1,0
5527,bot,1,2
5528,bot,1,1
5529,bot,1,2
5530,human,0,1
5531,human,0,0
5532,human,0,2
5533,human,0,2
5534,human,0,2
5535,bot,1,2
5536,bot,1,0
5537,human,0,0
5538,bot,1,2
5539,human,0,2
5540,human,0,2
5541,bot,1,0
5542,bot,1,0
5543,human,0,0
5544,human,0,0
5545,bot,1,0
5546,human,0,2
5547,human,0,2
5548,bot,1,0
5549,bot,1,0
5550,bot,1,0
5551,bot,1,2
5552,human,0,1
5553,bot,1,0
5554,bot,1,0
5555,human,0,2
5556,human,0,0
5557,human,0,0
5558,human,0,0
5559,human,0,2
5560,bot,1,2
5561,bot,1,2
5562,bot,1,1
5563,bot,1,2
5564,human,0,2
5565,human,0,0
5566,human,0,1
5567,human,0,0
5568,human,0,2
5569,human,0,2
5570,human,0,2
5571,human,0,0
5572,human,0,1
5573,bot,1,1
5574,human,0,2
5575,bot,1,1
5576,human,0,1
5577,bot,1,1
5578,human,0,2
5579,human,0,1
5580,bot,1,1
5581,human,0,2
5582,human,0,1
5583,human,0,2
5584,human,0,1
5585,bot,1,1
5586,bot,1,1
5587,bot,1,1
5588,human,0,1
5589,human,0,1
5590,bot,1,1
5591,human,0,0
5592,bot,1,0
5593,human,0,1
5594,human,0,1
5595,bot,1,0
5596,human,0,2
5597,human,0,0
5598,human,0,1
5599,human,0,2
5600,human,0,0
5601,human,0,1
5602,bot,1,2
5603,bot,1,0
5604,human,0,1
5605,bot,1,0
5606,human,0,0
5607,human,0,1
5608,bot,1,1
5609,bot,1,0
5610,human,0,2
5611,human,0,1
5612,human,0,2
5613,human,0,1
5614,human,0,1
5615,human,0,1
5616,human,0,1
5617,human,0,1
5618,bot,1,0
5619,human,0,0
5620,human,0,0
5621,human,0,2
5622,human,0,1
5623,human,0,1
5624,human,0,2
5625,human,0,2
5626,bot,1,0
5627,bot,1,2
5628,human,0,2
5629,bot,1,0
5630,human,0,0
5631,bot,1,1
5632,human,0,0
5633,human,0,0
5634,human,0,0
5635,human,0,0
5636,human,0,0
5637,human,0,2
5638,human,0,2
5639,human,0,0
5640,human,0,2
5641,bot,1,1
5642,human,0,2
5643,human,0,0
5644,bot,1,0
5645,human,0,1
5646,bot,1,0
5647,human,0,2
5648,bot,1,0
5649,human,0,0
5650,human,0,0
5651,human,0,2
5652,human,0,2
5653,bot,1,2
5654,bot,1,0
5655,human,0,1
5656,bot,1,0
5657,human,0,2
5658,human,0,1
5659,bot,1,1
5660,human,0,2
5661,bot,1,1
5662,human,0,2
5663,human,0,2
5664,human,0,0
5665,bot,1,0
5666,human,0,2
5667,bot,1,0
5668,bot,1,0
5669,human,0,1
5670,human,0,0
5671,human,0,2
5672,human,0,0
5673,human,0,0
5674,human,0,1
5675,human,0,0
5676,human,0,1
5677,human,0,0
5678,human,0,2
5679,human,0,1
5680,human,0,2
5681,human,0,0
5682,human,0,0
5683,human,0,0
5684,human,0,0
5685,human,0,2
5686,human,0,0
5687,human,0,2
5688,bot,1,2
5689,human,0,0
5690,human,0,1
5691,human,0,0
5692,bot,1,2
5693,bot,1,2
5694,bot,1,1
5695,bot,1,0
5696,human,0,2
5697,human,0,0
5698,human,0,2
5699,human,0,0
5700,human,0,1
5701,human,0,2
5702,human,0,2
5703,bot,1,0
5704,human,0,1
5705,human,0,1
5706,human,0,0
5707,human,0,2
5708,human,0,1
5709,human,0,2
5710,human,0,1
5711,human,0,1
5712,human,0,2
5713,human,0,1
5714,bot,1,1
5715,human,0,0
5716,bot,1,0
5717,human,0,1
5718,human,0,0
5719,human,0,0
5720,human,0,1
5721,human,0,0
5722,bot,1,2
5723,bot,1,2
5724,bot,1,0
5725,human,0,2
5726,human,0,2
5727,human,0,2
5728,human,0,1
5729,human,0,1
5730,human,0,1
5731,human,0,2
5732,human,0,1
5733,human,0,1
5734,human,0,1
5735,human,0,1
5736,bot,1,1
5737,bot,1,1
5738,human,0,2
5739,human,0,0
5740,human,0,1
5741,human,0,2
5742,human,0,2
5743,human,0,1
5744,human,0,0
5745,bot,1,2
5746,human,0,0
5747,human,0,2
5748,human,0,1
5749,human,0,0
5750,human,0,1
5751,human,0,2
5752,human,0,1
5753,human,0,1
5754,human,0,0
5755,human,0,2
5756,human,0,2
5757,bot,1,1
5758,human,0,2
5759,human,0,0
5760,human,0,0
5761,human,0,1
5762,human,0,0
5763,human,0,2
5764,human,0,2
5765,human,0,1
5766,bot,1,0
5767,human,0,1
5768,bot,1,2
5769,human,0,0
5770,human,0,2
5771,human,0,1
5772,human,0,1
5773,bot,1,1
5774,human,0,2
5775,human,0,1
5776,human,0,1
5777,human,0,0
5778,human,0,1
5779,human,0,1
5780,bot,1,2
5781,human,0,0
5782,human,0,2
5783,human,0,2
5784,human,0,0
5785,bot,1,1
5786,human,0,1
5787,human,0,0
5788,human,0,1
5789,bot,1,1
5790,human,0,2
5791,human,0,1
5792,human,0,0
5793,human,0,1
5794,human,0,2
5795,human,0,2
5796,human,0,0
5797,human,0,1
5798,bot,1,1
5799,human,0,0
5800,human,0,1
5801,bot,1,0
5802,human,0,0
5803,human,0,0
5804,bot,1,0
5805,human,0,0
5806,human,0,1
5807,bot,1,2
5808,bot,1,1
5809,human,0,1
5810,human,0,1
5811,bot,1,0
5812,bot,1,1
5813,bot,1,1
5814,human,0,1
5815,human,0,2
5816,human,0,0
5817,human,0,1
5818,bot,1,1
5819,human,0,0
5820,bot,1,0
5821,bot,1,2
5822,human,0,2
5823,human,0,1
5824,human,0,1
5825,bot,1,1
5826,human,0,0
5827,human,0,1
5828,human,0,1
5829,human,0,1
5830,human,0,2
5831,human,0,2
5832,bot,1,0
5833,human,0,0
5834,human,0,0
5835,human,0,1
5836,human,0,0
5837,bot,1,0
5838,human,0,0
5839,human,0,1
5840,human,0,2
5841,human,0,0
5842,human,0,2
5843,human,0,1
5844,bot,1,2
5845,human,0,1
5846,human,0,2
5847,bot,1,1
5848,human,0,0
5849,human,0,0
5850,human,0,1
5851,human,0,0
5852,human,0,0
5853,human,0,2
5854,human,0,1
5855,human,0,1
5856,human,0,1
5857,bot,1,0
5858,human,0,0
5859,human,0,0
5860,human,0,2
5861,bot,1,1
5862,human,0,2
5863,bot,1,1
5864,bot,1,2
5865,human,0,1
5866,human,0,1
5867,bot,1,2
5868,human,0,1
5869,human,0,0
5870,human,0,1
5871,human,0,1
5872,human,0,1
5873,human,0,1
5874,bot,1,2
5875,human,0,1
5876,human,0,2
5877,human,0,0
5878,human,0,0
5879,bot,1,0
5880,human,0,0
5881,human,0,1
5882,bot,1,0
5883,bot,1,1
5884,human,0,0
5885,human,0,0
5886,human,0,0
5887,human,0,1
5888,bot,1,2
5889,human,0,1
5890,human,0,0
5891,bot,1,0
5892,bot,1,2
5893,human,0,2
5894,human,0,0
5895,human,0,1
5896,human,0,1
5897,human,0,1
5898,bot,1,0
5899,bot,1,2
5900,bot,1,0
5901,human,0,1
5902,human,0,1
5903,human,0,1
5904,human,0,1
5905,human,0,1
5906,human,0,2
5907,bot,1,0
5908,bot,1,1
5909,bot,1,0
5910,human,0,2
5911,human,0,0
5912,human,0,1
5913,human,0,1
5914,bot,1,1
5915,human,0,1
5916,bot,1,2
5917,human,0,1
5918,human,0,1
5919,bot,1,0
5920,human,0,0
5921,bot,1,0
5922,human,0,2
5923,human,0,0
5924,human,0,1
5925,human,0,0
5926,bot,1,2
5927,human,0,1
5928,human,0,0
5929,bot,1,1
5930,human,0,2
5931,bot,1,1
5932,human,0,0
5933,bot,1,2
5934,human,0,1
5935,human,0,2
5936,bot,1,0
5937,bot,1,0
5938,human,0,0
5939,bot,1,0
5940,human,0,0
5941,bot,1,1
5942,bot,1,0
5943,human,0,0
5944,human,0,0
5945,human,0,1
5946,human,0,2
5947,bot,1,2
5948,human,0,2
5949,human,0,1
5950,human,0,0
5951,bot,1,2
5952,human,0,2
5953,human,0,0
5954,bot,1,1
5955,human,0,1
5956,bot,1,0
5957,human,0,0
5958,human,0,1
5959,bot,1,0
5960,human,0,2
5961,human,0,1
5962,bot,1,2
5963,human,0,2
5964,human,0,1
5965,human,0,1
5966,human,0,0
5967,human,0,1
5968,human,0,0
5969,bot,1,1
5970,bot,1,1
5971,human,0,1
5972,human,0,1
5973,human,0,1
5974,human,0,2
5975,human,0,0
5976,human,0,0
5977,bot,1,1
5978,human,0,2
5979,human,0,2
5980,human,0,2
5981,bot,1,0
5982,human,0,2
5983,human,0,0
5984,human,0,0
5985,human,0,1
5986,bot,1,0
5987,human,0,1
5988,bot,1,1
5989,bot,1,1
5990,human,0,0
5991,bot,1,0
5992,human,0,2
5993,human,0,1
5994,human,0,0
5995,human,0,0
5996,human,0,1
5997,human,0,2
5998,bot,1,2
5999,human,0,1
6000,bot,1,2
6001,human,0,0
6002,human,0,1
6003,human,0,1
6004,human,0,2
6005,human,0,2
6006,human,0,1
6007,human,0,2
6008,bot,1,1
6009,human,0,1
6010,human,0,0
6011,human,0,0
6012,human,0,0
6013,human,0,2
6014,human,0,0
6015,bot,1,0
6016,human,0,0
6017,human,0,1
6018,human,0,0
6019,bot,1,0
6020,bot,1,1
6021,bot,1,0
6022,bot,1,0
6023,human,0,0
6024,human,0,1
6025,bot,1,0
6026,human,0,1
6027,bot,1,2
6028,human,0,2
6029,human,0,1
6030,human,0,1
6031,human,0,2
6032,human,0,1
6033,human,0,0
6034,human,0,2
6035,human,0,1
6036,bot,1,2
6037,human,0,2
6038,human,0,1
6039,human,0,1
6040,human,0,2
6041,human,0,1
6042,bot,1,0
6043,human,0,1
6044,human,0,2
6045,bot,1,0
6046,human,0,0
6047,human,0,1
6048,human,0,2
6049,human,0,1
6050,human,0,1
6051,bot,1,0
6052,human,0,1
6053,human,0,0
6054,human,0,2
6055,human,0,1
6056,human,0,1
6057,human,0,0
6058,bot,1,0
6059,bot,1,0
6060,bot,1,0
6061,bot,1,2
6062,bot,1,1
6063,human,0,0
6064,human,0,2
6065,human,0,0
6066,human,0,0
6067,bot,1,2
6068,human,0,0
6069,human,0,1
6070,human,0,1
6071,human,0,2
6072,human,0,2
6073,bot,1,2
6074,bot,1,2
6075,bot,1,1
6076,human,0,1
6077,bot,1,0
6078,human,0,1
6079,human,0,1
6080,human,0,2
6081,bot,1,1
6082,human,0,0
6083,human,0,0
6084,bot,1,1
6085,human,0,1
6086,human,0,2
6087,human,0,1
6088,human,0,0
6089,human,0,1
6090,human,0,0
6091,human,0,1
6092,human,0,2
6093,human,0,0
6094,bot,1,0
6095,human,0,2
6096,human,0,2
6097,human,0,1
6098,human,0,2
6099,bot,1,2
6100,bot,1,0
6101,human,0,2
6102,human,0,2
6103,bot,1,0
6104,human,0,0
6105,human,0,1
6106,bot,1,0
6107,human,0,2
6108,bot,1,1
6109,bot,1,1
6110,human,0,2
6111,human,0,0
6112,bot,1,2
6113,human,0,2
6114,human,0,0
6115,human,0,1
6116,human,0,0
6117,human,0,1
6118,human,0,1
6119,human,0,0
6120,human,0,2
6121,bot,1,0
6122,human,0,2
6123,bot,1,0
6124,human,0,2
6125,human,0,2
6126,human,0,0
6127,human,0,0
6128,bot,1,2
6129,human,0,1
6130,human,0,0
6131,human,0,0
6132,human,0,0
6133,human,0,0
6134,human,0,1
6135,bot,1,0
6136,human,0,1
6137,human,0,2
6138,human,0,1
6139,human,0,1
6140,human,0,0
6141,bot,1,0
6142,bot,1,1
6143,human,0,1
6144,bot,1,0
6145,human,0,1
6146,human,0,1
6147,human,0,2
6148,human,0,0
6149,human,0,1
6150,human,0,0
6151,human,0,0
6152,human,0,1
6153,human,0,2
6154,human,0,0
6155,human,0,1
6156,human,0,2
6157,human,0,2
6158,human,0,1
6159,human,0,2
6160,bot,1,2
6161,human,0,2
6162,human,0,2
6163,human,0,0
6164,human,0,1
6165,human,0,2
6166,bot,1,2
6167,human,0,0
6168,human,0,1
6169,bot,1,2
6170,human,0,0
6171,bot,1,0
6172,bot,1,0
6173,human,0,0
6174,bot,1,2
6175,human,0,0
6176,human,0,0
6177,human,0,2
6178,human,0,2
6179,human,0,0
6180,human,0,1
6181,bot,1,1
6182,human,0,1
6183,human,0,1
6184,human,0,0
6185,bot,1,0
6186,human,0,0
6187,human,0,2
6188,human,0,0
6189,human,0,1
6190,human,0,2
6191,human,0,1
6192,human,0,2
6193,human,0,0
6194,human,0,2
6195,human,0,0
6196,human,0,1
6197,human,0,2
6198,bot,1,0
6199,human,0,1
6200,bot,1,1
6201,human,0,2
6202,human,0,0
6203,bot,1,0
6204,human,0,1
6205,bot,1,0
6206,bot,1,0
6207,human,0,2
6208,human,0,2
6209,bot,1,2
6210,bot,1,1
6211,human,0,0
6212,human,0,2
6213,human,0,0
6214,bot,1,0
6215,human,0,0
6216,human,0,0
6217,human,0,0
6218,human,0,0
6219,human,0,1
6220,human,0,1
6221,bot,1,1
6222,bot,1,1
6223,human,0,2
6224,human,0,2
6225,bot,1,2
6226,human,0,1
6227,human,0,2
6228,human,0,0
6229,human,0,1
6230,human,0,2
6231,human,0,1
6232,human,0,1
6233,human,0,1
6234,human,0,1
6235,human,0,2
6236,human,0,0
6237,human,0,1
6238,human,0,0
6239,human,0,2
6240,human,0,0
6241,bot,1,1
6242,human,0,2
6243,human,0,2
6244,human,0,1
6245,human,0,0
6246,human,0,1
6247,human,0,0
6248,human,0,1
6249,human,0,2
6250,human,0,0
6251,bot,1,0
6252,human,0,2
6253,bot,1,1
6254,bot,1,0
6255,bot,1,2
6256,human,0,0
6257,human,0,1
6258,human,0,0
6259,human,0,2
6260,human,0,2
6261,human,0,0
6262,human,0,0
6263,human,0,2
6264,bot,1,0
6265,human,0,0
6266,human,0,1
6267,human,0,2
6268,human,0,0
6269,human,0,0
6270,human,0,1
6271,human,0,0
6272,human,0,2
6273,human,0,1
6274,human,0,2
6275,human,0,0
6276,human,0,1
6277,human,0,0
6278,bot,1,2
6279,human,0,2
6280,human,0,2
6281,human,0,0
6282,human,0,2
6283,human,0,1
6284,human,0,0
6285,human,0,1
6286,human,0,1
6287,human,0,2
6288,human,0,0
6289,human,0,2
6290,human,0,2
6291,human,0,0
6292,human,0,2
6293,bot,1,1
6294,bot,1,2
6295,human,0,1
6296,human,0,2
6297,bot,1,0
6298,human,0,2
6299,human,0,0
6300,bot,1,1
6301,human,0,2
6302,bot,1,1
6303,human,0,1
6304,human,0,0
6305,human,0,2
6306,bot,1,0
6307,human,0,2
6308,human,0,0
6309,human,0,2
6310,human,0,2
6311,human,0,0
6312,human,0,1
6313,bot,1,0
6314,human,0,0
6315,human,0,0
6316,human,0,0
6317,bot,1,0
6318,bot,1,1
6319,human,0,2
6320,human,0,2
6321,bot,1,2
6322,human,0,1
6323,human,0,0
6324,bot,1,1
6325,human,0,1
6326,human,0,2
6327,bot,1,2
6328,bot,1,0
6329,human,0,0
6330,human,0,1
6331,human,0,2
6332,human,0,1
6333,human,0,1
6334,human,0,2
6335,bot,1,0
6336,human,0,1
6337,human,0,0
6338,human,0,2
6339,bot,1,1
6340,human,0,0
6341,bot,1,0
6342,bot,1,0
6343,bot,1,2
6344,human,0,1
6345,human,0,1
6346,bot,1,1
6347,human,0,1
6348,human,0,0
6349,bot,1,1
6350,bot,1,0
6351,human,0,2
6352,human,0,0
6353,human,0,1
6354,human,0,1
6355,human,0,1
6356,bot,1,0
6357,human,0,0
6358,human,0,2
6359,human,0,1
6360,bot,1,1
6361,human,0,0
6362,bot,1,1
6363,human,0,0
6364,human,0,0
6365,human,0,1
6366,bot,1,1
6367,bot,1,1
6368,bot,1,0
6369,human,0,1
6370,human,0,2
6371,bot,1,2
6372,bot,1,1
6373,bot,1,2
6374,human,0,0
6375,human,0,1
6376,human,0,1
6377,bot,1,2
6378,bot,1,0
6379,bot,1,2
6380,human,0,0
6381,bot,1,2
6382,bot,1,0
6383,human,0,1
6384,bot,1,1
6385,human,0,2
6386,human,0,2
6387,human,0,2
6388,bot,1,0
6389,human,0,0
6390,bot,1,2
6391,human,0,0
6392,bot,1,1
6393,bot,1,0
6394,human,0,0
6395,bot,1,2
6396,human,0,2
6397,human,0,0
6398,human,0,0
6399,human,0,0
6400,bot,1,2
6401,human,0,1
6402,human,0,0
6403,bot,1,0
6404,bot,1,0
6405,human,0,1
6406,human,0,1
6407,human,0,1
6408,human,0,1
6409,bot,1,0
6410,bot,1,0
6411,human,0,2
6412,human,0,2
6413,human,0,0
6414,bot,1,2
6415,human,0,1
6416,human,0,0
6417,human,0,2
6418,human,0,2
6419,human,0,1
6420,bot,1,2
6421,human,0,1
6422,human,0,0
6423,bot,1,1
6424,bot,1,1
6425,bot,1,0
6426,human,0,1
6427,human,0,0
6428,bot,1,0
6429,human,0,2
6430,human,0,0
6431,bot,1,0
6432,human,0,0
6433,human,0,1
6434,human,0,0
6435,human,0,1
6436,bot,1,2
6437,human,0,0
6438,human,0,2
6439,human,0,0
6440,bot,1,2
6441,human,0,0
6442,human,0,2
6443,human,0,1
6444,bot,1,1
6445,bot,1,0
6446,human,0,0
6447,human,0,1
6448,human,0,2
6449,human,0,1
6450,human,0,0
6451,human,0,2
6452,human,0,2
6453,human,0,1
6454,bot,1,1
6455,human,0,1
6456,human,0,2
6457,human,0,0
6458,human,0,1
6459,human,0,0
6460,human,0,2
6461,human,0,1
6462,bot,1,1
6463,human,0,1
6464,human,0,1
6465,bot,1,0
6466,human,0,2
6467,human,0,2
6468,human,0,1
6469,bot,1,0
6470,human,0,0
6471,human,0,1
6472,human,0,2
6473,human,0,1
6474,bot,1,0
6475,human,0,1
6476,bot,1,2
6477,human,0,0
6478,human,0,1
6479,human,0,0
6480,bot,1,0
6481,human,0,1
6482,human,0,2
6483,human,0,2
6484,human,0,1
6485,bot,1,0
6486,human,0,2
6487,human,0,0
6488,human,0,2
6489,human,0,0
6490,bot,1,1
6491,human,0,2
6492,human,0,0
6493,human,0,2
6494,human,0,0
6495,human,0,0
6496,human,0,0
6497,bot,1,0
6498,bot,1,0
6499,human,0,1
6500,human,0,1
6501,human,0,0
6502,human,0,0
6503,human,0,0
6504,human,0,2
6505,human,0,1
6506,human,0,2
6507,human,0,1
6508,bot,1,1
6509,human,0,2
6510,bot,1,0
6511,human,0,2
6512,human,0,1
6513,human,0,0
6514,bot,1,0
6515,human,0,0
6516,human,0,1
6517,bot,1,1
6518,human,0,2
6519,human,0,2
6520,human,0,2
6521,human,0,2
6522,bot,1,2
6523,human,0,2
6524,human,0,2
6525,bot,1,0
6526,human,0,2
6527,human,0,1
6528,human,0,0
6529,human,0,0
6530,bot,1,1
6531,bot,1,2
6532,bot,1,1
6533,bot,1,1
6534,human,0,0
6535,human,0,2
6536,human,0,2
6537,human,0,1
6538,human,0,0
6539,human,0,0
6540,bot,1,0
6541,human,0,0
6542,human,0,1
6543,bot,1,0
6544,bot,1,2
6545,bot,1,1
6546,bot,1,0
6547,human,0,2
6548,human,0,1
6549,human,0,2
6550,human,0,2
6551,human,0,2
6552,bot,1,2
6553,human,0,2
6554,human,0,2
6555,human,0,1
6556,human,0,0
6557,bot,1,1
6558,human,0,0
6559,human,0,0
6560,human,0,2
6561,human,0,1
6562,human,0,1
6563,bot,1,0
6564,human,0,2
6565,human,0,0
6566,human,0,0
6567,human,0,0
6568,human,0,2
6569,human,0,2
6570,human,0,0
6571,bot,1,1
6572,human,0,0
6573,human,0,0
6574,human,0,2
6575,human,0,0
6576,human,0,0
6577,bot,1,0
6578,human,0,2
6579,human,0,1
6580,human,0,2
6581,human,0,2
6582,human,0,0
6583,human,0,2
6584,human,0,2
6585,human,0,2
6586,human,0,0
6587,human,0,2
6588,human,0,0
6589,human,0,1
6590,human,0,1
6591,human,0,0
6592,human,0,0
6593,bot,1,0
6594,human,0,2
6595,human,0,0
6596,human,0,2
6597,human,0,2
6598,bot,1,0
6599,human,0,1
6600,human,0,0
6601,human,0,0
6602,bot,1,1
6603,human,0,2
6604,human,0,0
6605,bot,1,1
6606,human,0,2
6607,bot,1,1
6608,human,0,2
6609,bot,1,2
6610,human,0,1
6611,human,0,1
6612,human,0,0
6613,human,0,0
6614,bot,1,2
6615,human,0,2
6616,human,0,2
6617,human,0,1
6618,human,0,0
6619,human,0,1
6620,human,0,1
6621,human,0,1
6622,human,0,2
6623,human,0,0
6624,human,0,1
6625,bot,1,0
6626,human,0,2
6627,human,0,0
6628,human,0,2
6629,human,0,0
6630,human,0,0
6631,human,0,1
6632,human,0,2
6633,bot,1,1
6634,human,0,0
6635,human,0,1
6636,human,0,1
6637,human,0,0
6638,bot,1,2
6639,human,0,1
6640,human,0,0
6641,bot,1,0
6642,human,0,1
6643,human,0,1
6644,human,0,0
6645,human,0,0
6646,human,0,1
6647,bot,1,2
6648,bot,1,0
6649,human,0,2
6650,human,0,2
6651,human,0,2
6652,bot,1,0
6653,human,0,1
6654,bot,1,0
6655,bot,1,0
6656,bot,1,1
6657,human,0,0
6658,human,0,0
6659,bot,1,0
6660,human,0,1
6661,human,0,0
6662,human,0,1
6663,human,0,2
6664,bot,1,0
6665,bot,1,2
6666,human,0,1
6667,human,0,2
6668,human,0,2
6669,human,0,0
6670,human,0,2
6671,human,0,0
6672,human,0,1
6673,human,0,0
6674,bot,1,1
6675,bot,1,0
6676,human,0,0
6677,human,0,0
6678,human,0,1
6679,human,0,0
6680,human,0,1
6681,human,0,1
6682,human,0,0
6683,human,0,2
6684,bot,1,0
6685,human,0,2
6686,human,0,0
6687,human,0,0
6688,bot,1,2
6689,human,0,0
6690,human,0,0
6691,human,0,1
6692,bot,1,0
6693,human,0,2
6694,human,0,1
6695,human,0,2
6696,human,0,1
6697,human,0,0
6698,human,0,0
6699,bot,1,2
6700,human,0,2
6701,human,0,0
6702,bot,1,2
6703,bot,1,2
6704,bot,1,0
6705,human,0,2
6706,human,0,1
6707,human,0,0
6708,human,0,0
6709,bot,1,1
6710,human,0,1
6711,human,0,2
6712,human,0,0
6713,human,0,2
6714,bot,1,0
6715,human,0,0
6716,human,0,1
6717,bot,1,0
6718,human,0,2
6719,bot,1,0
6720,human,0,1
6721,bot,1,1
6722,bot,1,0
6723,bot,1,2
6724,bot,1,0
6725,human,0,0
6726,human,0,1
6727,human,0,0
6728,human,0,2
6729,human,0,2
6730,bot,1,1
6731,human,0,2
6732,human,0,0
6733,human,0,1
6734,human,0,0
6735,bot,1,0
6736,human,0,0
6737,human,0,0
6738,bot,1,2
6739,human,0,0
6740,bot,1,0
6741,human,0,2
6742,human,0,1
6743,human,0,0
6744,bot,1,1
6745,human,0,0
6746,human,0,2
6747,bot,1,1
6748,human,0,2
6749,human,0,2
6750,human,0,1
6751,human,0,0
6752,bot,1,2
6753,human,0,1
6754,human,0,0
6755,human,0,0
6756,human,0,0
6757,bot,1,0
6758,human,0,1
6759,human,0,2
6760,bot,1,0
6761,human,0,0
6762,human,0,2
6763,human,0,2
6764,human,0,1
6765,human,0,0
6766,bot,1,1
6767,human,0,1
6768,human,0,0
6769,human,0,2
6770,human,0,2
6771,human,0,1
6772,human,0,2
6773,human,0,2
6774,human,0,0
6775,human,0,0
6776,human,0,0
6777,bot,1,0
6778,human,0,1
6779,human,0,2
6780,human,0,1
6781,bot,1,1
6782,human,0,1
6783,bot,1,0
6784,human,0,1
6785,bot,1,1
6786,human,0,1
6787,human,0,2
6788,bot,1,2
6789,human,0,1
6790,bot,1,0
6791,human,0,2
6792,bot,1,0
6793,bot,1,0
6794,human,0,0
6795,human,0,2
6796,human,0,2
6797,human,0,1
6798,human,0,1
6799,human,0,0
6800,bot,1,1
6801,human,0,0
6802,human,0,2
6803,bot,1,2
6804,human,0,2
6805,human,0,0
6806,human,0,2
6807,human,0,2
6808,human,0,0
6809,human,0,0
6810,human,0,1
6811,bot,1,2
6812,bot,1,0
6813,human,0,1
6814,bot,1,0
6815,human,0,2
6816,human,0,0
6817,human,0,1
6818,human,0,0
6819,human,0,1
6820,human,0,0
6821,bot,1,0
6822,human,0,2
6823,human,0,1
6824,human,0,2
6825,human,0,0
6826,human,0,1
6827,bot,1,1
6828,human,0,1
6829,bot,1,0
6830,human,0,0
6831,human,0,2
6832,human,0,1
6833,human,0,0
6834,human,0,2
6835,human,0,2
6836,human,0,2
6837,human,0,1
6838,human,0,0
6839,human,0,2
6840,bot,1,1
6841,human,0,2
6842,human,0,2
6843,bot,1,2
6844,bot,1,1
6845,human,0,1
6846,human,0,1
6847,human,0,1
6848,human,0,2
6849,human,0,2
6850,human,0,1
6851,bot,1,0
6852,human,0,1
6853,human,0,1
6854,bot,1,0
6855,bot,1,0
6856,human,0,0
6857,bot,1,2
6858,human,0,0
6859,human,0,1
6860,human,0,2
6861,human,0,2
6862,bot,1,1
6863,human,0,1
6864,bot,1,1
6865,bot,1,0
6866,human,0,0
6867,human,0,0
6868,human,0,0
6869,human,0,2
6870,human,0,1
6871,human,0,2
6872,human,0,2
6873,human,0,2
6874,human,0,1
6875,human,0,1
6876,bot,1,1
6877,human,0,1
6878,human,0,2
6879,human,0,0
6880,human,0,0
6881,human,0,1
6882,bot,1,1
6883,human,0,2
6884,bot,1,0
6885,bot,1,1
6886,human,0,2
6887,bot,1,2
6888,human,0,1
6889,human,0,0
6890,human,0,2
6891,human,0,0
6892,human,0,1
6893,human,0,1
6894,human,0,0
6895,bot,1,1
6896,human,0,1
6897,human,0,0
6898,human,0,0
6899,human,0,1
6900,human,0,1
6901,human,0,0
6902,human,0,1
6903,human,0,1
6904,human,0,0
6905,human,0,0
6906,bot,1,2
6907,human,0,1
6908,human,0,2
6909,bot,1,1
6910,bot,1,1
6911,human,0,2
6912,human,0,1
6913,human,0,0
6914,human,0,0
6915,human,0,0
6916,human,0,0
6917,human,0,0
6918,human,0,0
6919,human,0,2
6920,human,0,0
6921,human,0,1
6922,bot,1,1
6923,human,0,0
6924,human,0,0
6925,bot,1,0
6926,human,0,0
6927,human,0,0
6928,human,0,2
6929,human,0,1
6930,human,0,1
6931,bot,1,2
6932,human,0,2
6933,bot,1,0
6934,human,0,0
6935,bot,1,1
6936,bot,1,0
6937,human,0,2
6938,bot,1,1
6939,human,0,0
6940,human,0,0
6941,human,0,2
6942,human,0,2
6943,bot,1,2
6944,bot,1,0
6945,human,0,0
6946,bot,1,1
6947,human,0,1
6948,bot,1,2
6949,human,0,2
6950,bot,1,2
6951,bot,1,1
6952,human,0,1
6953,human,0,2
6954,human,0,1
6955,human,0,0
6956,human,0,1
6957,human,0,0
6958,human,0,0
6959,human,0,2
6960,human,0,0
6961,human,0,2
6962,bot,1,2
6963,human,0,1
6964,human,0,1
6965,bot,1,0
6966,human,0,0
6967,human,0,1
6968,human,0,0
6969,bot,1,0
6970,human,0,1
6971,bot,1,2
6972,bot,1,0
6973,human,0,2
6974,human,0,0
6975,human,0,1
6976,human,0,1
6977,bot,1,1
6978,human,0,1
6979,human,0,1
6980,human,0,1
6981,human,0,1
6982,human,0,0
6983,bot,1,0
6984,human,0,1
6985,human,0,2
6986,human,0,2
6987,bot,1,1
6988,human,0,1
6989,human,0,1
6990,human,0,2
6991,human,0,1
6992,human,0,2
6993,human,0,1
6994,human,0,1
6995,human,0,0
6996,bot,1,2
6997,human,0,1
6998,bot,1,2
6999,human,0,1
7000,human,0,0
7001,human,0,2
7002,human,0,1
7003,bot,1,1
7004,human,0,0
7005,human,0,2
7006,human,0,1
7007,bot,1,1
7008,human,0,0
7009,human,0,0
7010,human,0,1
7011,human,0,1
7012,human,0,0
7013,bot,1,0
7014,human,0,0
7015,human,0,1
7016,human,0,1
7017,human,0,0
7018,human,0,1
7019,human,0,1
7020,human,0,0
7021,human,0,2
7022,human,0,0
7023,human,0,1
7024,human,0,0
7025,human,0,0
7026,human,0,2
7027,bot,1,0
7028,bot,1,1
7029,human,0,0
7030,human,0,0
7031,human,0,2
7032,human,0,2
7033,human,0,1
7034,human,0,1
7035,human,0,1
7036,human,0,1
7037,human,0,2
7038,human,0,1
7039,human,0,0
7040,human,0,2
7041,human,0,1
7042,bot,1,1
7043,human,0,1
7044,bot,1,0
7045,human,0,1
7046,human,0,2
7047,bot,1,0
7048,human,0,2
7049,human,0,1
7050,human,0,0
7051,bot,1,0
7052,human,0,0
7053,bot,1,0
7054,human,0,1
7055,human,0,1
7056,human,0,1
7057,human,0,0
7058,human,0,1
7059,human,0,1
7060,human,0,2
7061,human,0,2
7062,bot,1,0
7063,human,0,2
7064,human,0,0
7065,human,0,1
7066,human,0,2
7067,human,0,0
7068,bot,1,0
7069,human,0,1
7070,human,0,2
7071,human,0,1
7072,human,0,2
7073,human,0,2
7074,human,0,2
7075,human,0,1
7076,bot,1,0
7077,human,0,2
7078,human,0,1
7079,human,0,0
7080,human,0,2
7081,bot,1,0
7082,human,0,1
7083,human,0,0
7084,human,0,1
7085,human,0,2
7086,human,0,2
7087,human,0,1
7088,bot,1,0
7089,human,0,1
7090,human,0,2
7091,human,0,2
7092,human,0,0
7093,human,0,1
7094,human,0,2
7095,human,0,2
7096,human,0,1
7097,bot,1,0
7098,human,0,1
7099,human,0,2
7100,human,0,2
7101,bot,1,2
7102,human,0,0
7103,bot,1,0
7104,human,0,0
7105,human,0,2
7106,human,0,1
7107,bot,1,0
7108,human,0,0
7109,human,0,2
7110,bot,1,0
7111,human,0,1
7112,bot,1,1
7113,bot,1,0
7114,human,0,1
7115,bot,1,1
7116,bot,1,0
7117,bot,1,0
7118,human,0,2
7119,human,0,0
7120,bot,1,2
7121,human,0,0
7122,human,0,1
7123,human,0,0
7124,human,0,0
7125,human,0,1
7126,human,0,0
7127,human,0,2
7128,bot,1,1
7129,human,0,1
7130,bot,1,0
7131,bot,1,0
7132,bot,1,1
7133,human,0,1
7134,bot,1,0
7135,human,0,2
7136,human,0,2
7137,human,0,1
7138,human,0,0
7139,bot,1,2
7140,human,0,0
7141,human,0,1
7142,human,0,2
7143,human,0,1
7144,bot,1,1
7145,human,0,1
7146,bot,1,1
7147,bot,1,1
7148,human,0,0
7149,human,0,0
7150,human,0,1
7151,human,0,1
7152,human,0,1
7153,bot,1,0
7154,human,0,1
7155,human,0,0
7156,bot,1,0
7157,bot,1,2
7158,human,0,2
7159,human,0,1
7160,bot,1,0
7161,human,0,2
7162,human,0,2
7163,bot,1,0
7164,human,0,1
7165,bot,1,0
7166,human,0,0
7167,human,0,1
7168,human,0,2
7169,bot,1,0
7170,human,0,2
7171,human,0,0
7172,bot,1,2
7173,human,0,2
7174,bot,1,0
7175,human,0,0
7176,human,0,0
7177,human,0,1
7178,human,0,1
7179,human,0,1
7180,human,0,2
7181,bot,1,2
7182,human,0,1
7183,bot,1,1
7184,bot,1,2
7185,human,0,2
7186,human,0,2
7187,human,0,0
7188,human,0,0
7189,human,0,0
7190,human,0,0
7191,human,0,2
7192,bot,1,0
7193,human,0,2
7194,human,0,0
7195,human,0,0
7196,human,0,0
7197,bot,1,2
7198,human,0,0
7199,bot,1,1
7200,human,0,2
7201,human,0,1
7202,human,0,1
7203,human,0,0
7204,human,0,1
7205,human,0,2
7206,human,0,0
7207,human,0,1
7208,human,0,1
7209,human,0,2
7210,human,0,2
7211,bot,1,1
7212,bot,1,1
7213,human,0,1
7214,bot,1,1
7215,human,0,0
7216,bot,1,2
7217,human,0,0
7218,bot,1,1
7219,human,0,0
7220,human,0,0
7221,human,0,1
7222,human,0,2
7223,human,0,0
7224,human,0,0
7225,human,0,1
7226,human,0,0
7227,bot,1,2
7228,human,0,1
7229,human,0,2
7230,bot,1,1
7231,human,0,0
7232,human,0,1
7233,bot,1,2
7234,human,0,2
7235,human,0,0
7236,human,0,2
7237,bot,1,0
7238,human,0,1
7239,human,0,0
7240,human,0,1
7241,human,0,0
7242,human,0,1
7243,human,0,1
7244,human,0,0
7245,human,0,2
7246,human,0,0
7247,human,0,1
7248,human,0,0
7249,human,0,2
7250,bot,1,2
7251,human,0,0
7252,bot,1,0
7253,human,0,2
7254,bot,1,1
7255,human,0,2
7256,bot,1,2
7257,human,0,2
7258,human,0,0
7259,bot,1,1
7260,human,0,1
7261,bot,1,0
7262,bot,1,0
7263,human,0,0
7264,bot,1,0
7265,human,0,2
7266,human,0,1
7267,human,0,0
7268,bot,1,0
7269,human,0,0
7270,human,0,2
7271,human,0,0
7272,human,0,2
7273,human,0,0
7274,human,0,0
7275,human,0,1
7276,human,0,1
7277,human,0,1
7278,bot,1,0
7279,human,0,2
7280,human,0,2
7281,human,0,0
7282,bot,1,1
7283,human,0,0
7284,human,0,2
7285,human,0,2
7286,bot,1,2
7287,bot,1,0
7288,human,0,1
7289,bot,1,1
7290,bot,1,0
7291,bot,1,2
7292,human,0,1
7293,human,0,1
7294,bot,1,0
7295,human,0,2
7296,human,0,1
7297,human,0,2
7298,human,0,2
7299,human,0,2
7300,bot,1,0
7301,human,0,1
7302,human,0,2
7303,human,0,0
7304,human,0,0
7305,bot,1,1
7306,bot,1,2
7307,bot,1,1
7308,human,0,1
7309,human,0,0
7310,human,0,1
7311,human,0,0
7312,human,0,0
7313,bot,1,0
7314,human,0,0
7315,human,0,2
7316,human,0,0
7317,bot,1,0
7318,human,0,0
7319,human,0,1
7320,bot,1,0
7321,human,0,0
7322,human,0,1
7323,human,0,0
7324,bot,1,0
7325,human,0,1
7326,bot,1,1
7327,bot,1,0
7328,human,0,2
7329,human,0,0
7330,bot,1,1
7331,human,0,0
7332,human,0,0
7333,human,0,2
7334,human,0,1
7335,human,0,2
7336,human,0,0
7337,bot,1,2
7338,human,0,2
7339,human,0,0
7340,bot,1,0
7341,human,0,0
7342,bot,1,2
7343,human,0,1
7344,human,0,0
7345,bot,1,2
7346,human,0,1
7347,bot,1,0
7348,human,0,1
7349,human,0,0
7350,human,0,0
7351,human,0,0
7352,bot,1,1
7353,human,0,0
7354,human,0,2
7355,human,0,1
7356,human,0,0
7357,bot,1,1
7358,human,0,1
7359,human,0,1
7360,human,0,1
7361,bot,1,1
7362,bot,1,1
7363,bot,1,0
7364,human,0,0
7365,bot,1,2
7366,bot,1,0
7367,human,0,2
7368,human,0,2
7369,human,0,1
7370,human,0,2
7371,human,0,0
7372,human,0,1
7373,human,0,1
7374,human,0,2
7375,human,0,2
7376,human,0,1
7377,human,0,0
7378,human,0,1
7379,human,0,1
7380,bot,1,1
7381,bot,1,0
7382,human,0,2
7383,human,0,1
7384,bot,1,0
7385,human,0,1
7386,human,0,2
7387,human,0,0
7388,human,0,0
7389,bot,1,0
7390,human,0,0
7391,human,0,0
7392,human,0,0
7393,human,0,0
7394,human,0,0
7395,human,0,0
7396,human,0,2
7397,human,0,0
7398,human,0,2
7399,human,0,1
7400,human,0,0
7401,human,0,1
7402,human,0,2
7403,bot,1,1
7404,human,0,1
7405,human,0,1
7406,bot,1,1
7407,human,0,1
7408,human,0,2
7409,bot,1,2
7410,human,0,0
7411,human,0,1
7412,bot,1,1
7413,human,0,2
7414,human,0,2
7415,bot,1,0
7416,human,0,1
7417,human,0,2
7418,human,0,2
7419,human,0,2
7420,bot,1,1
7421,human,0,0
7422,bot,1,0
7423,human,0,1
7424,human,0,1
7425,human,0,0
7426,human,0,1
7427,human,0,0
7428,human,0,0
7429,bot,1,0
7430,human,0,1
7431,human,0,1
7432,human,0,2
7433,human,0,1
7434,human,0,0
7435,human,0,2
7436,human,0,2
7437,human,0,0
7438,human,0,2
7439,human,0,0
7440,human,0,1
7441,human,0,2
7442,human,0,0
7443,human,0,1
7444,human,0,2
7445,human,0,0
7446,human,0,2
7447,human,0,1
7448,human,0,1
7449,human,0,2
7450,human,0,1
7451,human,0,0
7452,human,0,0
7453,bot,1,2
7454,human,0,2
7455,human,0,2
7456,human,0,1
7457,human,0,0
7458,human,0,1
7459,bot,1,1
7460,human,0,1
7461,human,0,2
7462,human,0,1
7463,human,0,0
7464,human,0,2
7465,human,0,1
7466,human,0,1
7467,bot,1,0
7468,human,0,2
7469,bot,1,0
7470,human,0,0
7471,human,0,1
7472,human,0,1
7473,human,0,0
7474,bot,1,1
7475,human,0,1
7476,human,0,0
7477,human,0,0
7478,bot,1,0
7479,human,0,0
7480,human,0,2
7481,human,0,0
7482,human,0,2
7483,human,0,1
7484,bot,1,1
7485,human,0,0
7486,bot,1,0
7487,human,0,0
7488,bot,1,1
7489,human,0,2
7490,human,0,0
7491,human,0,2
7492,human,0,1
7493,human,0,1
7494,human,0,0
7495,bot,1,1
7496,human,0,1
7497,bot,1,1
7498,human,0,2
7499,human,0,0
7500,human,0,0
7501,bot,1,0
7502,human,0,1
7503,bot,1,1
7504,bot,1,0
7505,human,0,2
7506,human,0,2
7507,human,0,0
7508,human,0,2
7509,bot,1,0
7510,human,0,1
7511,human,0,1
7512,human,0,2
7513,bot,1,2
7514,human,0,1
7515,human,0,0
7516,human,0,1
7517,bot,1,1
7518,human,0,2
7519,human,0,0
7520,human,0,2
7521,human,0,1
7522,human,0,1
7523,human,0,0
7524,human,0,0
7525,human,0,0
7526,human,0,1
7527,human,0,1
7528,bot,1,2
7529,human,0,0
7530,human,0,0
7531,human,0,1
7532,human,0,2
7533,human,0,0
7534,human,0,2
7535,bot,1,1
7536,human,0,2
7537,bot,1,1
7538,human,0,1
7539,human,0,1
7540,human,0,2
7541,human,0,2
7542,human,0,1
7543,human,0,1
7544,bot,1,2
7545,human,0,1
7546,human,0,0
7547,human,0,1
7548,human,0,0
7549,human,0,1
7550,human,0,0
7551,human,0,0
7552,human,0,1
7553,human,0,0
7554,bot,1,0
7555,human,0,0
7556,bot,1,2
7557,human,0,2
7558,human,0,2
7559,human,0,0
7560,human,0,2
7561,human,0,1
7562,human,0,1
7563,human,0,1
7564,human,0,0
7565,human,0,0
7566,human,0,1
7567,human,0,0
7568,human,0,1
7569,human,0,0
7570,bot,1,1
7571,human,0,2
7572,human,0,0
7573,human,0,0
7574,human,0,1
7575,human,0,1
7576,human,0,2
7577,bot,1,0
7578,human,0,1
7579,bot,1,0
7580,human,0,1
7581,bot,1,0
7582,human,0,1
7583,human,0,2
7584,human,0,2
7585,human,0,1
7586,human,0,2
7587,human,0,2
7588,human,0,2
7589,human,0,0
7590,bot,1,1
7591,human,0,1
7592,human,0,2
7593,human,0,2
7594,human,0,0
7595,human,0,1
7596,bot,1,0
7597,human,0,0
7598,bot,1,0
7599,human,0,2
7600,human,0,2
7601,bot,1,1
7602,human,0,1
7603,bot,1,0
7604,human,0,0
7605,bot,1,1
7606,human,0,0
7607,bot,1,2
7608,human,0,1
7609,human,0,2
7610,human,0,0
7611,human,0,0
7612,bot,1,0
7613,human,0,0
7614,human,0,1
7615,human,0,2
7616,human,0,0
7617,bot,1,1
7618,human,0,0
7619,human,0,2
7620,human,0,1
7621,human,0,0
7622,human,0,1
7623,human,0,1
7624,human,0,1
7625,human,0,0
7626,human,0,1
7627,human,0,2
7628,bot,1,2
7629,human,0,1
7630,human,0,0
7631,human,0,0
7632,bot,1,1
7633,human,0,2
7634,human,0,1
7635,human,0,2
7636,human,0,2
7637,human,0,0
7638,bot,1,1
7639,bot,1,0
7640,human,0,0
7641,bot,1,1
7642,bot,1,2
7643,human,0,2
7644,human,0,1
7645,human,0,0
7646,bot,1,2
7647,human,0,0
7648,bot,1,2
7649,bot,1,0
7650,bot,1,2
7651,bot,1,1
7652,human,0,2
7653,human,0,1
7654,human,0,1
7655,bot,1,0
7656,bot,1,2
7657,human,0,1
7658,bot,1,1
7659,human,0,1
7660,bot,1,0
7661,human,0,0
7662,human,0,2
7663,human,0,2
7664,human,0,2
7665,human,0,0
7666,bot,1,2
7667,bot,1,1
7668,human,0,0
7669,human,0,0
7670,human,0,0
7671,human,0,0
7672,bot,1,1
7673,human,0,2
7674,human,0,0
7675,bot,1,0
7676,human,0,0
7677,human,0,2
7678,human,0,1
7679,human,0,1
7680,human,0,2
7681,bot,1,1
7682,human,0,2
7683,human,0,2
7684,human,0,1
7685,human,0,1
7686,bot,1,1
7687,bot,1,2
7688,human,0,0
7689,human,0,1
7690,human,0,0
7691,human,0,1
7692,human,0,0
7693,human,0,2
7694,bot,1,0
7695,bot,1,0
7696,human,0,0
7697,bot,1,1
7698,human,0,1
7699,human,0,0
7700,human,0,2
7701,human,0,1
7702,human,0,1
7703,human,0,0
7704,bot,1,1
7705,human,0,2
7706,bot,1,0
7707,human,0,0
7708,bot,1,0
7709,human,0,1
7710,bot,1,0
7711,human,0,0
7712,human,0,1
7713,human,0,2
7714,human,0,1
7715,human,0,1
7716,human,0,2
7717,human,0,2
7718,human,0,2
7719,bot,1,2
7720,human,0,1
7721,human,0,1
7722,human,0,0
7723,human,0,1
7724,human,0,0
7725,bot,1,2
7726,bot,1,0
7727,bot,1,0
7728,human,0,1
7729,bot,1,0
7730,human,0,2
7731,human,0,2
7732,human,0,0
7733,human,0,0
7734,bot,1,1
7735,human,0,1
7736,bot,1,0
7737,human,0,2
7738,human,0,0
7739,human,0,1
7740,human,0,1
7741,human,0,2
7742,human,0,2
7743,human,0,0
7744,bot,1,0
7745,bot,1,2
7746,human,0,2
7747,human,0,0
7748,human,0,1
7749,human,0,2
7750,human,0,0
7751,human,0,1
7752,human,0,1
7753,bot,1,0
7754,human,0,0
7755,bot,1,0
7756,bot,1,2
7757,human,0,0
7758,human,0,2
7759,human,0,2
7760,human,0,2
7761,human,0,2
7762,human,0,1
7763,human,0,0
7764,human,0,0
7765,human,0,1
7766,human,0,1
7767,human,0,0
7768,human,0,0
7769,human,0,0
7770,human,0,1
7771,bot,1,0
7772,bot,1,0
7773,human,0,2
7774,bot,1,0
7775,bot,1,1
7776,human,0,0
7777,human,0,2
7778,human,0,2
7779,human,0,1
7780,human,0,0
7781,human,0,0
7782,bot,1,0
7783,bot,1,0
7784,human,0,0
7785,human,0,1
7786,human,0,0
7787,human,0,1
7788,human,0,0
7789,human,0,0
7790,human,0,2
7791,bot,1,0
7792,human,0,0
7793,human,0,0
7794,bot,1,1
7795,human,0,2
7796,human,0,2
7797,human,0,0
7798,bot,1,0
7799,human,0,2
7800,bot,1,0
7801,human,0,2
7802,human,0,1
7803,human,0,0
7804,human,0,0
7805,human,0,0
7806,human,0,0
7807,human,0,1
7808,human,0,1
7809,human,0,0
7810,human,0,2
7811,human,0,2
7812,bot,1,2
7813,human,0,0
7814,bot,1,0
7815,human,0,1
7816,human,0,2
7817,bot,1,1
7818,bot,1,0
7819,human,0,0
7820,human,0,0
7821,bot,1,1
7822,human,0,0
7823,human,0,0
7824,bot,1,1
7825,human,0,0
7826,human,0,2
7827,human,0,1
7828,human,0,2
7829,bot,1,0
7830,human,0,1
7831,human,0,1
7832,human,0,0
7833,human,0,2
7834,human,0,2
7835,human,0,1
7836,human,0,2
7837,bot,1,2
7838,human,0,1
7839,bot,1,1
7840,human,0,2
7841,human,0,2
7842,human,0,2
7843,human,0,1
7844,human,0,1
7845,human,0,2
7846,bot,1,1
7847,human,0,2
7848,bot,1,0
7849,bot,1,0
7850,human,0,1
7851,human,0,1
7852,human,0,2
7853,human,0,1
7854,bot,1,1
7855,bot,1,0
7856,human,0,0
7857,human,0,2
7858,human,0,0
7859,human,0,2
7860,bot,1,0
7861,bot,1,0
7862,human,0,0
7863,human,0,1
7864,human,0,0
7865,human,0,1
7866,human,0,2
7867,human,0,1
7868,human,0,2
7869,bot,1,0
7870,human,0,1
7871,human,0,1
7872,human,0,0
7873,human,0,1
7874,bot,1,0
7875,human,0,1
7876,human,0,1
7877,human,0,1
7878,human,0,0
7879,human,0,1
7880,human,0,1
7881,human,0,2
7882,bot,1,1
7883,human,0,2
7884,human,0,0
7885,human,0,0
7886,human,0,2
7887,bot,1,0
7888,human,0,2
7889,human,0,2
7890,human,0,1
7891,bot,1,2
7892,human,0,0
7893,bot,1,2
7894,human,0,2
7895,human,0,1
7896,human,0,1
7897,human,0,0
7898,human,0,2
7899,human,0,2
7900,human,0,1
7901,human,0,1
7902,human,0,1
7903,human,0,0
7904,bot,1,1
7905,bot,1,1
7906,human,0,0
7907,human,0,0
7908,human,0,2
7909,human,0,2
7910,bot,1,1
7911,human,0,2
7912,bot,1,1
7913,human,0,0
7914,human,0,1
7915,human,0,2
7916,human,0,1
7917,human,0,2
7918,human,0,0
7919,bot,1,0
7920,human,0,0
7921,bot,1,1
7922,bot,1,0
7923,human,0,0
7924,bot,1,0
7925,bot,1,1
7926,human,0,1
7927,human,0,0
7928,human,0,2
7929,bot,1,0
7930,human,0,0
7931,human,0,2
7932,human,0,2
7933,human,0,0
7934,human,0,2
7935,human,0,1
7936,bot,1,0
7937,bot,1,2
7938,bot,1,0
7939,human,0,1
7940,human,0,1
7941,human,0,2
7942,human,0,0
7943,human,0,0
7944,bot,1,0
7945,human,0,0
7946,human,0,0
7947,human,0,1
7948,bot,1,1
7949,human,0,1
7950,human,0,2
7951,human,0,1
7952,human,0,0
7953,bot,1,0
7954,human,0,0
7955,human,0,0
7956,human,0,2
7957,human,0,2
7958,human,0,1
7959,bot,1,0
7960,human,0,1
7961,human,0,1
7962,human,0,0
7963,bot,1,0
7964,human,0,2
7965,human,0,1
7966,human,0,1
7967,human,0,2
7968,bot,1,0
7969,human,0,2
7970,bot,1,1
7971,human,0,0
7972,human,0,2
7973,human,0,1
7974,human,0,1
7975,human,0,1
7976,human,0,2
7977,bot,1,1
7978,human,0,0
7979,human,0,2
7980,human,0,2
7981,human,0,0
7982,human,0,0
7983,human,0,2
7984,human,0,2
7985,human,0,2
7986,bot,1,2
7987,bot,1,2
7988,bot,1,2
7989,bot,1,0
7990,bot,1,0
7991,bot,1,0
7992,bot,1,0
7993,bot,1,0
7994,human,0,2
7995,human,0,1
7996,human,0,1
7997,human,0,0
7998,bot,1,0
7999,human,0,1
8000,human,0,2
8001,human,0,0
8002,human,0,0
8003,human,0,1
8004,human,0,0
8005,human,0,0
8006,human,0,0
8007,human,0,1
8008,human,0,2
8009,human,0,0
8010,human,0,1
8011,human,0,1
8012,human,0,2
8013,human,0,1
8014,human,0,0
8015,bot,1,1
8016,bot,1,0
8017,bot,1,2
8018,human,0,0
8019,human,0,1
8020,human,0,0
8021,bot,1,1
8022,human,0,0
8023,human,0,0
8024,bot,1,1
8025,human,0,2
8026,human,0,0
8027,human,0,0
8028,human,0,1
8029,bot,1,2
8030,bot,1,1
8031,bot,1,0
8032,human,0,0
8033,bot,1,1
8034,human,0,2
8035,bot,1,1
8036,bot,1,0
8037,bot,1,0
8038,human,0,2
8039,human,0,1
8040,bot,1,2
8041,human,0,1
8042,human,0,0
8043,bot,1,1
8044,human,0,0
8045,human,0,1
8046,bot,1,2
8047,human,0,1
8048,bot,1,0
8049,human,0,2
8050,bot,1,2
8051,human,0,0
8052,bot,1,0
8053,human,0,2
8054,human,0,1
8055,human,0,0
8056,human,0,2
8057,bot,1,0
8058,human,0,2
8059,human,0,2
8060,human,0,2
8061,bot,1,0
8062,human,0,0
8063,human,0,2
8064,human,0,0
8065,human,0,1
8066,bot,1,0
8067,bot,1,0
8068,human,0,0
8069,human,0,0
8070,human,0,1
8071,bot,1,1
8072,human,0,1
8073,human,0,0
8074,human,0,0
8075,bot,1,1
8076,human,0,0
8077,human,0,2
8078,human,0,0
8079,human,0,1
8080,human,0,2
8081,human,0,2
8082,human,0,1
8083,human,0,2
8084,human,0,2
8085,human,0,1
8086,human,0,1
8087,human,0,2
8088,bot,1,1
8089,bot,1,2
8090,bot,1,0
8091,human,0,2
8092,bot,1,1
8093,human,0,1
8094,human,0,2
8095,bot,1,1
8096,bot,1,0
8097,human,0,0
8098,human,0,0
8099,human,0,0
8100,human,0,1
8101,bot,1,0
8102,bot,1,0
8103,human,0,1
8104,human,0,1
8105,human,0,1
8106,human,0,0
8107,human,0,0
8108,human,0,2
8109,human,0,0
8110,human,0,0
8111,human,0,2
8112,human,0,2
8113,human,0,1
8114,human,0,0
8115,human,0,0
8116,human,0,1
8117,human,0,0
8118,human,0,2
8119,human,0,1
8120,human,0,1
8121,bot,1,0
8122,human,0,0
8123,human,0,2
8124,human,0,1
8125,human,0,0
8126,human,0,2
8127,bot,1,1
8128,human,0,2
8129,human,0,2
8130,bot,1,1
8131,bot,1,1
8132,bot,1,0
8133,human,0,0
8134,human,0,1
8135,bot,1,1
8136,human,0,0
8137,human,0,0
8138,human,0,2
8139,human,0,2
8140,human,0,2
8141,human,0,1
8142,human,0,1
8143,bot,1,2
8144,human,0,0
8145,bot,1,0
8146,human,0,1
8147,bot,1,2
8148,human,0,1
8149,human,0,1
8150,human,0,1
8151,human,0,0
8152,human,0,1
8153,human,0,2
8154,human,0,1
8155,bot,1,0
8156,bot,1,0
8157,human,0,0
8158,bot,1,2
8159,human,0,1
8160,human,0,0
8161,bot,1,2
8162,bot,1,0
8163,bot,1,0
8164,human,0,0
8165,bot,1,0
8166,bot,1,0
8167,human,0,1
8168,human,0,1
8169,bot,1,0
8170,bot,1,0
8171,human,0,2
8172,human,0,0
8173,human,0,1
8174,human,0,2
8175,human,0,0
8176,human,0,0
8177,bot,1,2
8178,bot,1,1
8179,human,0,2
8180,bot,1,0
8181,bot,1,1
8182,human,0,2
8183,human,0,0
8184,human,0,0
8185,human,0,1
8186,human,0,1
8187,human,0,0
8188,bot,1,0
8189,human,0,0
8190,human,0,2
8191,human,0,0
8192,human,0,0
8193,human,0,0
8194,bot,1,2
8195,human,0,0
8196,human,0,1
8197,human,0,0
8198,human,0,0
8199,human,0,1
8200,human,0,0
8201,human,0,2
8202,human,0,0
8203,human,0,1
8204,human,0,1
8205,human,0,0
8206,bot,1,1
8207,human,0,2
8208,bot,1,0
8209,human,0,1
8210,human,0,2
8211,human,0,0
8212,bot,1,1
8213,human,0,0
8214,bot,1,2
8215,human,0,0
8216,human,0,2
8217,human,0,0
8218,bot,1,0
8219,bot,1,0
8220,human,0,0
8221,human,0,2
8222,human,0,2
8223,bot,1,1
8224,human,0,0
8225,human,0,1
8226,human,0,2
8227,bot,1,0
8228,bot,1,0
8229,human,0,2
8230,human,0,0
8231,human,0,0
8232,human,0,1
8233,human,0,1
8234,bot,1,0
8235,human,0,1
8236,human,0,1
8237,human,0,2
8238,human,0,0
8239,human,0,0
8240,human,0,2
8241,human,0,0
8242,human,0,0
8243,bot,1,0
8244,human,0,2
8245,human,0,0
8246,human,0,0
8247,bot,1,2
8248,human,0,1
8249,bot,1,1
8250,human,0,1
8251,bot,1,0
8252,human,0,0
8253,human,0,1
8254,bot,1,1
8255,human,0,1
8256,bot,1,2
8257,human,0,2
8258,human,0,1
8259,human,0,1
8260,bot,1,1
8261,human,0,0
8262,bot,1,2
8263,human,0,0
8264,human,0,2
8265,human,0,0
8266,human,0,2
8267,bot,1,2
8268,human,0,2
8269,human,0,2
8270,human,0,0
8271,human,0,1
8272,human,0,1
8273,bot,1,1
8274,human,0,0
8275,human,0,2
8276,bot,1,1
8277,human,0,0
8278,bot,1,1
8279,bot,1,0
8280,human,0,0
8281,human,0,2
8282,human,0,2
8283,human,0,2
8284,human,0,2
8285,bot,1,2
8286,human,0,0
8287,bot,1,2
8288,human,0,0
8289,human,0,0
8290,human,0,1
8291,bot,1,0
8292,human,0,2
8293,human,0,2
8294,human,0,1
8295,human,0,0
8296,human,0,2
8297,human,0,0
8298,human,0,0
8299,human,0,1
8300,bot,1,0
8301,bot,1,0
8302,human,0,0
8303,human,0,0
8304,human,0,2
8305,human,0,1
8306,human,0,1
8307,bot,1,0
8308,human,0,2
8309,human,0,0
8310,bot,1,0
8311,human,0,2
8312,bot,1,2
8313,human,0,0
8314,human,0,1
8315,human,0,1
8316,human,0,2
8317,bot,1,1
8318,bot,1,1
8319,bot,1,0
8320,human,0,0
8321,human,0,1
8322,human,0,1
8323,human,0,2
8324,human,0,2
8325,human,0,0
8326,human,0,1
8327,human,0,0
8328,human,0,2
8329,human,0,1
8330,human,0,1
8331,bot,1,2
8332,human,0,0
8333,human,0,2
8334,human,0,0
8335,human,0,2
8336,human,0,1
8337,human,0,1
8338,bot,1,0
8339,human,0,0
8340,bot,1,1
8341,human,0,0
8342,human,0,2
8343,human,0,2
8344,human,0,2
8345,human,0,1
8346,human,0,2
8347,human,0,0
8348,human,0,1
8349,human,0,2
8350,bot,1,2
8351,bot,1,0
8352,bot,1,0
8353,human,0,2
8354,human,0,0
8355,bot,1,0
8356,human,0,2
8357,human,0,2
8358,bot,1,1
8359,human,0,1
8360,human,0,2
8361,bot,1,0
8362,human,0,1
8363,human,0,0
8364,human,0,0
8365,human,0,0
8366,human,0,1
8367,bot,1,1
8368,human,0,1
8369,bot,1,1
8370,human,0,0
8371,human,0,0
8372,human,0,0
8373,human,0,2
8374,human,0,0
8375,human,0,0
8376,human,0,2
8377,human,0,2
8378,human,0,1
8379,human,0,2
8380,bot,1,2
8381,bot,1,0
8382,human,0,0
8383,human,0,1
8384,human,0,1
8385,human,0,0
8386,human,0,2
8387,human,0,2
8388,human,0,1
8389,human,0,0
8390,bot,1,0
8391,human,0,1
8392,human,0,1
8393,human,0,0
8394,human,0,1
8395,human,0,0
8396,human,0,0
8397,human,0,1
8398,human,0,2
8399,human,0,0
8400,bot,1,0
8401,bot,1,1
8402,bot,1,0
8403,human,0,1
8404,human,0,0
8405,bot,1,1
8406,bot,1,0
8407,bot,1,0
8408,bot,1,1
8409,human,0,1
8410,bot,1,0
8411,human,0,1
8412,human,0,0
8413,human,0,0
8414,bot,1,0
8415,human,0,2
8416,human,0,0
8417,human,0,1
8418,bot,1,1
8419,bot,1,0
8420,human,0,0
8421,human,0,0
8422,human,0,1
8423,human,0,0
8424,bot,1,2
8425,bot,1,0
8426,human,0,0
8427,human,0,0
8428,human,0,0
8429,human,0,0
8430,bot,1,2
8431,bot,1,0
8432,human,0,2
8433,human,0,0
8434,human,0,2
8435,human,0,2
8436,bot,1,0
8437,human,0,0
8438,bot,1,1
8439,human,0,0
8440,human,0,0
8441,human,0,1
8442,human,0,1
8443,human,0,1
8444,human,0,1
8445,human,0,1
8446,human,0,1
8447,bot,1,0
8448,human,0,0
8449,human,0,2
8450,human,0,2
8451,bot,1,2
8452,human,0,0
8453,human,0,1
8454,human,0,0
8455,human,0,2
8456,human,0,0
8457,human,0,0
8458,human,0,0
8459,bot,1,0
8460,bot,1,1
8461,human,0,0
8462,human,0,2
8463,human,0,2
8464,human,0,2
8465,human,0,1
8466,human,0,1
8467,human,0,2
8468,human,0,1
8469,human,0,0
8470,human,0,1
8471,human,0,0
8472,human,0,0
8473,human,0,0
8474,bot,1,0
8475,human,0,0
8476,bot,1,0
8477,human,0,0
8478,human,0,0
8479,human,0,1
8480,human,0,1
8481,human,0,0
8482,human,0,2
8483,human,0,0
8484,bot,1,0
8485,human,0,2
8486,human,0,1
8487,bot,1,2
8488,human,0,2
8489,bot,1,1
8490,bot,1,0
8491,bot,1,2
8492,bot,1,0
8493,human,0,0
8494,bot,1,2
8495,human,0,0
8496,bot,1,0
8497,bot,1,0
8498,human,0,0
8499,human,0,2
8500,human,0,0
8501,human,0,0
8502,human,0,2
8503,human,0,0
8504,human,0,0
8505,human,0,0
8506,human,0,1
8507,human,0,2
8508,human,0,0
8509,human,0,2
8510,human,0,1
8511,bot,1,2
8512,human,0,1
8513,human,0,2
8514,bot,1,1
8515,bot,1,0
8516,human,0,0
8517,human,0,2
8518,human,0,2
8519,human,0,2
8520,bot,1,0
8521,human,0,1
8522,human,0,1
8523,human,0,0
8524,human,0,0
8525,bot,1,2
8526,bot,1,1
8527,human,0,2
8528,human,0,1
8529,human,0,0
8530,human,0,1
8531,human,0,0
8532,bot,1,0
8533,human,0,1
8534,bot,1,0
8535,bot,1,0
8536,human,0,0
8537,bot,1,2
8538,human,0,2
8539,human,0,1
8540,human,0,1
8541,bot,1,2
8542,human,0,0
8543,human,0,1
8544,bot,1,2
8545,human,0,1
8546,human,0,1
8547,human,0,2
8548,human,0,1
8549,bot,1,1
8550,human,0,1
8551,bot,1,1
8552,human,0,0
8553,human,0,1
8554,human,0,1
8555,human,0,0
8556,human,0,1
8557,bot,1,0
8558,human,0,0
8559,human,0,2
8560,bot,1,1
8561,bot,1,0
8562,bot,1,0
8563,bot,1,2
8564,human,0,0
8565,human,0,0
8566,human,0,0
8567,bot,1,0
8568,human,0,1
8569,human,0,0
8570,bot,1,0
8571,bot,1,1
8572,bot,1,0
8573,human,0,1
8574,human,0,0
8575,human,0,0
8576,bot,1,2
8577,human,0,1
8578,bot,1,0
8579,human,0,2
8580,human,0,0
8581,human,0,1
8582,human,0,2
8583,human,0,0
8584,human,0,1
8585,human,0,1
8586,human,0,2
8587,human,0,1
8588,human,0,1
8589,human,0,1
8590,human,0,2
8591,bot,1,2
8592,human,0,1
8593,human,0,1
8594,bot,1,1
8595,human,0,1
8596,human,0,0
8597,human,0,0
8598,bot,1,1
8599,human,0,2
8600,human,0,1
8601,bot,1,1
8602,bot,1,0
8603,human,0,2
8604,human,0,1
8605,bot,1,2
8606,human,0,0
8607,bot,1,0
8608,bot,1,0
8609,human,0,1
8610,human,0,2
8611,bot,1,1
8612,human,0,0
8613,human,0,2
8614,human,0,1
8615,human,0,0
8616,bot,1,2
8617,bot,1,0
8618,human,0,2
8619,human,0,2
8620,bot,1,1
8621,human,0,2
8622,bot,1,0
8623,human,0,1
8624,human,0,0
8625,human,0,0
8626,human,0,2
8627,human,0,1
8628,human,0,1
8629,human,0,2
8630,human,0,2
8631,human,0,1
8632,human,0,0
8633,bot,1,0
8634,human,0,0
8635,human,0,1
8636,human,0,2
8637,bot,1,1
8638,human,0,1
8639,human,0,0
8640,human,0,0
8641,bot,1,0
8642,human,0,0
8643,human,0,2
8644,human,0,0
8645,bot,1,2
8646,human,0,2
8647,human,0,1
8648,human,0,1
8649,human,0,0
8650,human,0,0
8651,bot,1,0
8652,bot,1,1
8653,human,0,2
8654,human,0,2
8655,human,0,2
8656,bot,1,0
8657,human,0,1
8658,bot,1,1
8659,human,0,1
8660,human,0,1
8661,bot,1,2
8662,human,0,1
8663,human,0,1
8664,bot,1,2
8665,bot,1,1
8666,bot,1,0
8667,human,0,1
8668,human,0,2
8669,bot,1,0
8670,bot,1,1
8671,human,0,1
8672,human,0,1
8673,human,0,1
8674,human,0,1
8675,human,0,1
8676,human,0,2
8677,human,0,2
8678,human,0,1
8679,human,0,0
8680,bot,1,2
8681,human,0,1
8682,human,0,0
8683,human,0,2
8684,human,0,2
8685,human,0,1
8686,human,0,1
8687,human,0,2
8688,human,0,0
8689,human,0,2
8690,human,0,1
8691,human,0,0
8692,human,0,1
8693,human,0,2
8694,bot,1,2
8695,human,0,0
8696,human,0,0
8697,bot,1,2
8698,human,0,0
8699,human,0,1
8700,bot,1,1
8701,human,0,2
8702,human,0,0
8703,human,0,1
8704,human,0,0
8705,human,0,1
8706,human,0,0
8707,human,0,0
8708,bot,1,0
8709,human,0,1
8710,human,0,2
8711,human,0,1
8712,human,0,0
8713,bot,1,1
8714,human,0,2
8715,human,0,1
8716,human,0,2
8717,human,0,2
8718,human,0,2
8719,human,0,2
8720,human,0,2
8721,human,0,1
8722,bot,1,0
8723,human,0,2
8724,bot,1,1
8725,bot,1,1
8726,human,0,0
8727,bot,1,2
8728,bot,1,2
8729,bot,1,1
8730,bot,1,2
8731,human,0,1
8732,human,0,0
8733,human,0,2
8734,human,0,0
8735,human,0,1
8736,human,0,0
8737,human,0,2
8738,human,0,1
8739,human,0,1
8740,bot,1,2
8741,human,0,0
8742,bot,1,1
8743,bot,1,1
8744,human,0,2
8745,human,0,1
8746,human,0,1
8747,bot,1,2
8748,bot,1,2
8749,human,0,1
8750,human,0,1
8751,human,0,1
8752,human,0,2
8753,bot,1,0
8754,human,0,1
8755,human,0,0
8756,human,0,2
8757,bot,1,2
8758,human,0,0
8759,bot,1,0
8760,human,0,2
8761,bot,1,1
8762,bot,1,2
8763,human,0,0
8764,human,0,2
8765,bot,1,0
8766,bot,1,0
8767,human,0,0
8768,human,0,1
8769,human,0,1
8770,bot,1,0
8771,human,0,1
8772,human,0,0
8773,human,0,0
8774,human,0,0
8775,human,0,0
8776,bot,1,0
8777,human,0,1
8778,human,0,0
8779,human,0,0
8780,human,0,1
8781,human,0,1
8782,human,0,1
8783,human,0,1
8784,human,0,0
8785,human,0,0
8786,bot,1,0
8787,human,0,0
8788,human,0,0
8789,human,0,0
8790,human,0,1
8791,human,0,0
8792,human,0,0
8793,bot,1,1
8794,human,0,2
8795,human,0,2
8796,bot,1,2
8797,human,0,1
8798,human,0,0
8799,human,0,2
8800,human,0,0
8801,human,0,1
8802,human,0,1
8803,human,0,0
8804,human,0,1
8805,bot,1,2
8806,human,0,2
8807,human,0,2
8808,bot,1,1
8809,human,0,1
8810,human,0,1
8811,human,0,1
8812,human,0,1
8813,bot,1,2
8814,bot,1,0
8815,bot,1,0
8816,human,0,2
8817,human,0,0
8818,human,0,1
8819,human,0,1
8820,human,0,2
8821,human,0,0
8822,bot,1,1
8823,bot,1,1
8824,human,0,0
8825,human,0,0
8826,human,0,0
8827,bot,1,1
8828,human,0,2
8829,human,0,2
8830,human,0,1
8831,human,0,2
8832,human,0,0
8833,human,0,1
8834,human,0,0
8835,human,0,0
8836,human,0,1
8837,human,0,1
8838,human,0,0
8839,human,0,0
8840,human,0,0
8841,human,0,0
8842,human,0,1
8843,human,0,2
8844,bot,1,0
8845,human,0,0
8846,human,0,1
8847,human,0,1
8848,bot,1,1
8849,human,0,2
8850,human,0,0
8851,human,0,1
8852,human,0,0
8853,human,0,0
8854,human,0,0
8855,bot,1,0
8856,human,0,1
8857,human,0,0
8858,bot,1,0
8859,human,0,1
8860,human,0,1
8861,bot,1,2
8862,human,0,0
8863,bot,1,1
8864,human,0,0
8865,bot,1,0
8866,human,0,0
8867,human,0,1
8868,human,0,0
8869,human,0,1
8870,human,0,1
8871,bot,1,0
8872,human,0,1
8873,human,0,1
8874,human,0,1
8875,human,0,0
8876,human,0,1
8877,bot,1,0
8878,human,0,0
8879,human,0,1
8880,bot,1,1
8881,human,0,0
8882,human,0,0
8883,human,0,1
8884,human,0,0
8885,human,0,1
8886,human,0,0
8887,human,0,2
8888,human,0,2
8889,human,0,0
8890,bot,1,1
8891,human,0,0
8892,human,0,0
8893,human,0,2
8894,human,0,2
8895,human,0,0
8896,human,0,0
8897,bot,1,0
8898,bot,1,0
8899,human,0,1
8900,bot,1,1
8901,bot,1,1
8902,human,0,2
8903,human,0,2
8904,human,0,0
8905,bot,1,0
8906,human,0,1
8907,bot,1,0
8908,human,0,2
8909,human,0,1
8910,bot,1,0
8911,human,0,2
8912,human,0,1
8913,human,0,0
8914,human,0,1
8915,human,0,1
8916,human,0,0
8917,bot,1,2
8918,human,0,1
8919,human,0,0
8920,human,0,1
8921,human,0,1
8922,human,0,0
8923,human,0,0
8924,bot,1,1
8925,human,0,0
8926,bot,1,1
8927,human,0,2
8928,human,0,1
8929,bot,1,2
8930,human,0,2
8931,human,0,2
8932,bot,1,1
8933,human,0,1
8934,human,0,1
8935,human,0,2
8936,human,0,1
8937,human,0,0
8938,human,0,1
8939,bot,1,0
8940,human,0,1
8941,bot,1,1
8942,human,0,1
8943,human,0,1
8944,bot,1,0
8945,human,0,1
8946,human,0,2
8947,human,0,0
8948,human,0,2
8949,human,0,0
8950,human,0,0
8951,bot,1,0
8952,human,0,0
8953,bot,1,0
8954,human,0,1
8955,human,0,1
8956,human,0,2
8957,bot,1,0
8958,human,0,0
8959,human,0,2
8960,human,0,0
8961,bot,1,0
8962,human,0,2
8963,human,0,1
8964,human,0,1
8965,bot,1,1
8966,human,0,1
8967,bot,1,2
8968,bot,1,0
8969,human,0,0
8970,human,0,0
8971,human,0,0
8972,human,0,1
8973,human,0,1
8974,human,0,1
8975,human,0,2
8976,human,0,0
8977,human,0,0
8978,bot,1,2
8979,bot,1,0
8980,human,0,0
8981,bot,1,1
8982,bot,1,0
8983,bot,1,0
8984,bot,1,0
8985,bot,1,2
8986,human,0,0
8987,human,0,0
8988,human,0,0
8989,bot,1,0
8990,human,0,0
8991,human,0,0
8992,bot,1,2
8993,bot,1,0
8994,bot,1,1
8995,human,0,0
8996,human,0,2
8997,human,0,2
8998,bot,1,1
8999,bot,1,0
9000,bot,1,1
9001,human,0,2
9002,human,0,2
9003,human,0,0
9004,bot,1,0
9005,human,0,2
9006,bot,1,0
9007,bot,1,1
9008,bot,1,0
9009,human,0,2
9010,human,0,0
9011,human,0,1
9012,human,0,2
9013,human,0,0
9014,human,0,2
9015,human,0,0
9016,bot,1,0
9017,human,0,2
9018,human,0,2
9019,bot,1,1
9020,human,0,1
9021,human,0,2
9022,human,0,0
9023,bot,1,1
9024,human,0,2
9025,human,0,2
9026,human,0,1
9027,human,0,0
9028,human,0,1
9029,human,0,2
9030,human,0,1
9031,human,0,1
9032,human,0,0
9033,human,0,1
9034,human,0,0
9035,human,0,0
9036,human,0,0
9037,human,0,2
9038,human,0,2
9039,human,0,0
9040,bot,1,1
9041,bot,1,1
9042,bot,1,1
9043,bot,1,1
9044,bot,1,1
9045,human,0,1
9046,human,0,1
9047,human,0,2
9048,human,0,1
9049,human,0,2
9050,bot,1,0
9051,human,0,0
9052,human,0,1
9053,human,0,1
9054,bot,1,0
9055,human,0,1
9056,bot,1,0
9057,human,0,2
9058,bot,1,0
9059,human,0,2
9060,bot,1,1
9061,bot,1,1
9062,human,0,0
9063,human,0,2
9064,human,0,1
9065,human,0,1
9066,human,0,2
9067,bot,1,0
9068,human,0,1
9069,bot,1,1
9070,human,0,2
9071,human,0,0
9072,human,0,2
9073,bot,1,2
9074,human,0,1
9075,human,0,1
9076,human,0,0
9077,bot,1,2
9078,bot,1,2
9079,human,0,1
9080,human,0,2
9081,human,0,0
9082,human,0,1
9083,bot,1,1
9084,human,0,1
9085,human,0,0
9086,human,0,0
9087,human,0,1
9088,human,0,0
9089,human,0,0
9090,bot,1,1
9091,bot,1,0
9092,human,0,0
9093,human,0,1
9094,bot,1,0
9095,human,0,0
9096,human,0,1
9097,human,0,2
9098,human,0,1
9099,bot,1,1
9100,bot,1,0
9101,human,0,1
9102,human,0,0
9103,human,0,1
9104,bot,1,2
9105,bot,1,1
9106,bot,1,0
9107,human,0,2
9108,bot,1,0
9109,human,0,2
9110,bot,1,1
9111,bot,1,0
9112,human,0,1
9113,bot,1,2
9114,human,0,2
9115,human,0,1
9116,human,0,2
9117,human,0,1
9118,human,0,2
9119,human,0,2
9120,human,0,2
9121,human,0,1
9122,human,0,0
9123,human,0,2
9124,human,0,1
9125,human,0,2
9126,human,0,1
9127,human,0,1
9128,human,0,0
9129,human,0,2
9130,human,0,1
9131,human,0,0
9132,human,0,0
9133,human,0,0
9134,bot,1,2
9135,human,0,1
9136,human,0,1
9137,bot,1,0
9138,bot,1,1
9139,human,0,0
9140,bot,1,0
9141,human,0,1
9142,human,0,0
9143,human,0,2
9144,bot,1,0
9145,human,0,0
9146,human,0,1
9147,bot,1,0
9148,bot,1,2
9149,human,0,2
9150,human,0,2
9151,bot,1,0
9152,human,0,1
9153,bot,1,1
9154,bot,1,1
9155,bot,1,0
9156,bot,1,0
9157,human,0,0
9158,human,0,2
9159,bot,1,0
9160,human,0,1
9161,human,0,2
9162,bot,1,1
9163,human,0,1
9164,bot,1,0
9165,bot,1,0
9166,human,0,2
9167,bot,1,0
9168,bot,1,0
9169,human,0,1
9170,bot,1,1
9171,human,0,1
9172,human,0,1
9173,human,0,0
9174,human,0,1
9175,human,0,2
9176,bot,1,0
9177,human,0,0
9178,bot,1,0
9179,human,0,1
9180,bot,1,0
9181,human,0,1
9182,bot,1,1
9183,human,0,2
9184,bot,1,1
9185,bot,1,0
9186,human,0,1
9187,human,0,1
9188,human,0,1
9189,human,0,1
9190,bot,1,2
9191,human,0,2
9192,bot,1,1
9193,bot,1,1
9194,human,0,0
9195,human,0,2
9196,bot,1,1
9197,bot,1,1
9198,human,0,1
9199,bot,1,0
9200,bot,1,2
9201,bot,1,0
9202,human,0,0
9203,bot,1,1
9204,human,0,2
9205,human,0,0
9206,human,0,2
9207,bot,1,1
9208,bot,1,2
9209,human,0,2
9210,human,0,0
9211,human,0,1
9212,bot,1,1
9213,human,0,0
9214,human,0,1
9215,human,0,2
9216,bot,1,0
9217,bot,1,1
9218,human,0,1
9219,human,0,2
9220,bot,1,0
9221,human,0,0
9222,bot,1,0
9223,bot,1,1
9224,bot,1,0
9225,human,0,0
9226,bot,1,1
9227,human,0,0
9228,human,0,0
9229,human,0,2
9230,bot,1,2
9231,human,0,1
9232,bot,1,2
9233,bot,1,0
9234,human,0,0
9235,human,0,2
9236,bot,1,1
9237,bot,1,0
9238,bot,1,1
9239,human,0,0
9240,human,0,1
9241,human,0,2
9242,human,0,1
9243,bot,1,0
9244,human,0,2
9245,human,0,2
9246,human,0,0
9247,human,0,0
9248,human,0,2
9249,human,0,0
9250,bot,1,0
9251,human,0,1
9252,human,0,0
9253,human,0,2
9254,bot,1,0
9255,human,0,2
9256,human,0,1
9257,bot,1,0
9258,human,0,1
9259,human,0,2
9260,human,0,2
9261,human,0,2
9262,bot,1,1
9263,human,0,0
9264,bot,1,0
9265,human,0,2
9266,human,0,2
9267,human,0,1
9268,human,0,2
9269,bot,1,2
9270,bot,1,2
9271,human,0,2
9272,bot,1,0
9273,bot,1,1
9274,bot,1,1
9275,human,0,0
9276,human,0,2
9277,human,0,1
9278,bot,1,1
9279,bot,1,1
9280,human,0,2
9281,bot,1,0
9282,human,0,1
9283,bot,1,1
9284,bot,1,0
9285,bot,1,0
9286,bot,1,0
9287,human,0,1
9288,human,0,1
9289,human,0,0
9290,human,0,2
9291,human,0,0
9292,human,0,1
9293,bot,1,1
9294,bot,1,1
9295,human,0,0
9296,bot,1,1
9297,human,0,0
9298,bot,1,2
9299,human,0,1
9300,human,0,1
9301,human,0,1
9302,human,0,0
9303,human,0,1
9304,human,0,1
9305,bot,1,1
9306,bot,1,0
9307,bot,1,1
9308,bot,1,1
9309,bot,1,1
9310,human,0,0
9311,human,0,2
9312,human,0,0
9313,human,0,1
9314,human,0,2
9315,human,0,1
9316,bot,1,0
9317,human,0,0
9318,human,0,0
9319,human,0,2
9320,human,0,2
9321,bot,1,0
9322,human,0,0
9323,bot,1,1
9324,bot,1,1
9325,human,0,0
9326,human,0,1
9327,human,0,1
9328,human,0,0
9329,human,0,0
9330,human,0,1
9331,human,0,1
9332,human,0,1
9333,human,0,0
9334,human,0,0
9335,bot,1,0
9336,human,0,1
9337,human,0,1
9338,human,0,1
9339,human,0,1
9340,bot,1,0
9341,bot,1,2
9342,human,0,1
9343,human,0,0
9344,bot,1,0
9345,bot,1,1
9346,bot,1,0
9347,human,0,0
9348,human,0,0
9349,human,0,2
9350,human,0,1
9351,bot,1,1
9352,human,0,2
9353,human,0,1
9354,human,0,1
9355,human,0,0
9356,human,0,0
9357,human,0,2
9358,human,0,1
9359,bot,1,1
9360,human,0,1
9361,human,0,1
9362,human,0,2
9363,human,0,2
9364,bot,1,2
9365,human,0,1
9366,bot,1,1
9367,human,0,2
9368,human,0,2
9369,human,0,0
9370,human,0,1
9371,human,0,0
9372,human,0,1
9373,human,0,0
9374,bot,1,0
9375,human,0,0
9376,bot,1,0
9377,human,0,0
9378,bot,1,1
9379,human,0,0
9380,human,0,1
9381,human,0,0
9382,human,0,2
9383,human,0,1
9384,human,0,1
9385,bot,1,2
9386,bot,1,0
9387,bot,1,0
9388,bot,1,1
9389,human,0,2
9390,human,0,1
9391,bot,1,0
9392,human,0,1
9393,human,0,0
9394,human,0,0
9395,human,0,0
9396,human,0,0
9397,human,0,1
9398,human,0,1
9399,human,0,1
9400,bot,1,0
9401,human,0,2
9402,human,0,2
9403,human,0,1
9404,human,0,1
9405,human,0,1
9406,human,0,1
9407,human,0,2
9408,human,0,2
9409,human,0,0
9410,bot,1,0
9411,bot,1,0
9412,bot,1,2
9413,human,0,1
9414,bot,1,1
9415,human,0,2
9416,human,0,1
9417,bot,1,1
9418,human,0,1
9419,bot,1,0
9420,human,0,0
9421,human,0,1
9422,human,0,2
9423,human,0,1
9424,human,0,0
9425,human,0,1
9426,human,0,2
9427,human,0,1
9428,human,0,0
9429,human,0,0
9430,human,0,0
9431,bot,1,0
9432,human,0,1
9433,bot,1,0
9434,human,0,1
9435,human,0,2
9436,bot,1,0
9437,human,0,2
9438,human,0,2
9439,human,0,1
9440,human,0,1
9441,human,0,0
9442,human,0,2
9443,human,0,1
9444,bot,1,0
9445,bot,1,1
9446,human,0,0
9447,bot,1,1
9448,human,0,2
9449,human,0,2
9450,human,0,2
9451,bot,1,0
9452,human,0,1
9453,human,0,1
9454,human,0,1
9455,human,0,1
9456,human,0,1
9457,bot,1,2
9458,human,0,1
9459,human,0,0
9460,human,0,0
9461,human,0,2
9462,human,0,0
9463,human,0,1
9464,human,0,0
9465,human,0,2
9466,bot,1,0
9467,human,0,0
9468,human,0,1
9469,human,0,1
9470,human,0,2
9471,human,0,2
9472,human,0,0
9473,human,0,2
9474,bot,1,0
9475,bot,1,0
9476,bot,1,0
9477,human,0,0
9478,human,0,2
9479,human,0,2
9480,human,0,0
9481,bot,1,1
9482,bot,1,0
9483,human,0,2
9484,human,0,1
9485,human,0,2
9486,human,0,1
9487,human,0,2
9488,human,0,1
9489,human,0,1
9490,bot,1,0
9491,human,0,1
9492,bot,1,1
9493,human,0,2
9494,human,0,1
9495,bot,1,0
9496,human,0,0
9497,human,0,1
9498,bot,1,0
9499,human,0,0
9500,human,0,1
9501,bot,1,1
9502,bot,1,0
9503,human,0,0
9504,human,0,0
9505,human,0,1
9506,human,0,1
9507,bot,1,1
9508,bot,1,0
9509,human,0,0
9510,human,0,2
9511,human,0,1
9512,human,0,2
9513,human,0,1
9514,human,0,1
9515,human,0,1
9516,human,0,1
9517,bot,1,0
9518,human,0,0
9519,human,0,1
9520,human,0,1
9521,bot,1,2
9522,bot,1,0
9523,bot,1,1
9524,bot,1,1
9525,human,0,0
9526,human,0,1
9527,human,0,0
9528,human,0,1
9529,human,0,1
9530,human,0,1
9531,human,0,1
9532,human,0,2
9533,human,0,1
9534,human,0,0
9535,human,0,1
9536,bot,1,0
9537,human,0,0
9538,bot,1,0
9539,human,0,1
9540,human,0,1
9541,bot,1,0
9542,bot,1,1
9543,human,0,1
9544,human,0,1
9545,human,0,0
9546,bot,1,0
9547,human,0,1
9548,bot,1,0
9549,human,0,1
9550,human,0,0
9551,human,0,2
9552,human,0,2
9553,human,0,0
9554,human,0,2
9555,human,0,0
9556,human,0,1
9557,bot,1,1
9558,bot,1,2
9559,bot,1,1
9560,human,0,2
9561,human,0,1
9562,bot,1,0
9563,human,0,1
9564,human,0,1
9565,human,0,1
9566,bot,1,2
9567,human,0,0
9568,human,0,2
9569,bot,1,0
9570,bot,1,0
9571,human,0,2
9572,human,0,1
9573,bot,1,1
9574,bot,1,1
9575,bot,1,1
9576,human,0,1
9577,human,0,1
9578,bot,1,2
9579,human,0,1
9580,human,0,0
9581,human,0,0
9582,human,0,0
9583,human,0,1
9584,human,0,1
9585,human,0,1
9586,human,0,0
9587,bot,1,0
9588,bot,1,0
9589,human,0,2
9590,human,0,1
9591,human,0,0
9592,human,0,0
9593,bot,1,2
9594,human,0,0
9595,human,0,0
9596,human,0,1
9597,human,0,1
9598,human,0,0
9599,human,0,2
9600,human,0,0
9601,human,0,1
9602,human,0,2
9603,human,0,1
9604,human,0,1
9605,human,0,0
9606,human,0,0
9607,bot,1,0
9608,human,0,2
9609,human,0,0
9610,bot,1,0
9611,human,0,2
9612,human,0,0
9613,human,0,0
9614,human,0,2
9615,human,0,0
9616,human,0,0
9617,bot,1,0
9618,bot,1,1
9619,human,0,1
9620,human,0,1
9621,human,0,0
9622,bot,1,0
9623,human,0,0
9624,human,0,0
9625,human,0,2
9626,human,0,1
9627,bot,1,1
9628,human,0,2
9629,bot,1,1
9630,human,0,1
9631,human,0,1
9632,human,0,1
9633,human,0,0
9634,human,0,1
9635,bot,1,0
9636,human,0,0
9637,bot,1,0
9638,human,0,0
9639,human,0,0
9640,human,0,2
9641,bot,1,2
9642,human,0,1
9643,human,0,2
9644,human,0,0
9645,human,0,1
9646,human,0,1
9647,bot,1,1
9648,bot,1,1
9649,human,0,0
9650,human,0,1
9651,bot,1,0
9652,bot,1,0
9653,human,0,2
9654,human,0,0
9655,human,0,2
9656,human,0,0
9657,human,0,0
9658,bot,1,0
9659,human,0,1
9660,human,0,1
9661,human,0,2
9662,bot,1,1
9663,bot,1,2
9664,human,0,2
9665,human,0,0
9666,human,0,0
9667,human,0,1
9668,human,0,0
9669,bot,1,1
9670,human,0,1
9671,human,0,1
9672,human,0,2
9673,human,0,1
9674,human,0,2
9675,human,0,0
9676,human,0,1
9677,human,0,0
9678,human,0,1
9679,bot,1,0
9680,human,0,0
9681,human,0,1
9682,human,0,0
9683,bot,1,0
9684,human,0,1
9685,human,0,2
9686,human,0,1
9687,bot,1,2
9688,human,0,1
9689,human,0,2
9690,human,0,2
9691,human,0,0
9692,bot,1,0
9693,human,0,0
9694,bot,1,1
9695,human,0,0
9696,human,0,0
9697,human,0,0
9698,human,0,0
9699,human,0,0
9700,bot,1,1
9701,bot,1,2
9702,human,0,1
9703,human,0,2
9704,human,0,1
9705,human,0,1
9706,human,0,1
9707,bot,1,1
9708,bot,1,2
9709,human,0,0
9710,bot,1,0
9711,human,0,0
9712,human,0,1
9713,bot,1,0
9714,human,0,0
9715,human,0,0
9716,human,0,2
9717,human,0,2
9718,bot,1,1
9719,bot,1,0
9720,bot,1,0
9721,human,0,1
9722,bot,1,1
9723,bot,1,0
9724,bot,1,0
9725,human,0,0
9726,human,0,0
9727,human,0,1
9728,human,0,0
9729,human,0,0
9730,human,0,2
9731,bot,1,2
9732,human,0,1
9733,human,0,1
9734,human,0,2
9735,bot,1,0
9736,human,0,1
9737,human,0,1
9738,human,0,1
9739,human,0,1
9740,bot,1,1
9741,human,0,1
9742,bot,1,2
9743,human,0,1
9744,human,0,1
9745,human,0,0
9746,human,0,0
9747,bot,1,1
9748,human,0,1
9749,human,0,0
9750,human,0,0
9751,human,0,0
9752,human,0,1
9753,human,0,0
9754,human,0,2
9755,human,0,1
9756,bot,1,0
9757,human,0,0
9758,human,0,0
9759,human,0,1
9760,human,0,0
9761,human,0,2
9762,human,0,1
9763,human,0,2
9764,human,0,0
9765,human,0,1
9766,human,0,0
9767,bot,1,2
9768,human,0,1
9769,human,0,0
9770,human,0,1
9771,human,0,2
9772,bot,1,1
9773,human,0,0
9774,human,0,1
9775,human,0,1
9776,bot,1,0
9777,bot,1,0
9778,human,0,0
9779,human,0,1
9780,human,0,1
9781,human,0,0
9782,human,0,1
9783,bot,1,2
9784,human,0,0
9785,human,0,1
9786,bot,1,2
9787,human,0,1
9788,human,0,0
9789,human,0,1
9790,human,0,2
9791,human,0,0
9792,human,0,2
9793,bot,1,0
9794,bot,1,2
9795,human,0,2
9796,human,0,1
9797,human,0,2
9798,human,0,0
9799,bot,1,2
9800,human,0,1
9801,bot,1,1
9802,human,0,2
9803,human,0,1
9804,human,0,0
9805,human,0,1
9806,human,0,0
9807,human,0,0
9808,bot,1,1
9809,bot,1,0
9810,human,0,2
9811,human,0,1
9812,human,0,1
9813,human,0,1
9814,human,0,0
9815,human,0,0
9816,human,0,1
9817,human,0,1
9818,bot,1,0
9819,human,0,2
9820,bot,1,1
9821,human,0,2
9822,human,0,2
9823,bot,1,0
9824,human,0,2
9825,bot,1,1
9826,human,0,2
9827,human,0,1
9828,human,0,1
9829,human,0,2
9830,human,0,1
9831,human,0,1
9832,human,0,1
9833,human,0,0
9834,human,0,2
9835,bot,1,0
9836,human,0,0
9837,human,0,0
9838,bot,1,1
9839,human,0,0
9840,human,0,0
9841,human,0,2
9842,bot,1,1
9843,human,0,1
9844,human,0,1
9845,bot,1,2
9846,human,0,1
9847,human,0,2
9848,human,0,1
9849,human,0,2
9850,human,0,0
9851,human,0,0
9852,human,0,2
9853,bot,1,1
9854,human,0,0
9855,human,0,0
9856,bot,1,2
9857,human,0,2
9858,human,0,2
9859,human,0,2
9860,human,0,1
9861,human,0,1
9862,bot,1,0
9863,human,0,1
9864,human,0,1
9865,bot,1,0
9866,human,0,1
9867,human,0,1
9868,bot,1,0
9869,human,0,1
9870,bot,1,1
9871,human,0,2
9872,bot,1,1
9873,human,0,1
9874,human,0,2
9875,human,0,0
9876,human,0,1
9877,human,0,1
9878,human,0,0
9879,human,0,0
9880,human,0,1
9881,human,0,1
9882,human,0,1
9883,bot,1,2
9884,human,0,1
9885,human,0,0
9886,human,0,1
9887,bot,1,1
9888,bot,1,1
9889,bot,1,2
9890,human,0,0
9891,human,0,1
9892,human,0,1
9893,bot,1,0
9894,human,0,0
9895,human,0,0
9896,human,0,0
9897,human,0,0
9898,human,0,0
9899,bot,1,0
9900,human,0,2
9901,human,0,2
9902,human,0,1
9903,human,0,1
9904,human,0,2
9905,human,0,1
9906,human,0,1
9907,human,0,0
9908,human,0,0
9909,human,0,2
9910,human,0,0
9911,human,0,0
9912,human,0,1
9913,human,0,0
9914,human,0,1
9915,human,0,0
9916,human,0,0
9917,human,0,0
9918,human,0,0
9919,human,0,2
9920,bot,1,1
9921,human,0,0
9922,human,0,1
9923,human,0,1
9924,human,0,1
9925,bot,1,1
9926,human,0,0
9927,human,0,1
9928,bot,1,1
9929,human,0,0
9930,human,0,0
9931,human,0,1
9932,bot,1,0
9933,human,0,0
9934,human,0,2
9935,human,0,2
9936,human,0,2
9937,human,0,2
9938,bot,1,1
9939,bot,1,0
9940,human,0,2
9941,human,0,0
9942,human,0,1
9943,bot,1,0
9944,human,0,0
9945,bot,1,1
9946,human,0,1
9947,human,0,2
9948,human,0,2
9949,human,0,2
9950,bot,1,0
9951,human,0,0
9952,bot,1,0
9953,human,0,1
9954,human,0,1
9955,human,0,2
9956,human,0,2
9957,human,0,1
9958,human,0,2
9959,human,0,1
9960,human,0,1
9961,human,0,1
9962,human,0,2
9963,human,0,2
9964,bot,1,1
9965,human,0,1
9966,human,0,2
9967,bot,1,0
9968,bot,1,0
9969,bot,1,2
9970,human,0,0
9971,bot,1,0
9972,bot,1,1
9973,human,0,2
9974,human,0,2
9975,human,0,1
9976,human,0,1
9977,human,0,2
9978,human,0,1
9979,bot,1,0
9980,human,0,1
9981,bot,1,2
9982,bot,1,2
9983,bot,1,1
9984,human,0,1
9985,human,0,2
9986,human,0,1
9987,human,0,0
9988,human,0,0
9989,human,0,0
9990,bot,1,1
9991,human,0,2
9992,human,0,0
9993,human,0,2
9994,bot,1,2
9995,human,0,1
9996,human,0,2
9997,human,0,2
9998,human,0,0
9999,human,0,1
10000,human,0,0
10001,human,0,0
10002,bot,1,1
10003,human,0,1
10004,human,0,1
10005,human,0,1
10006,human,0,0
10007,bot,1,0
10008,bot,1,2
10009,human,0,1
10010,human,0,0
10011,human,0,1
10012,human,0,0
10013,human,0,2
10014,human,0,1
10015,human,0,1
10016,human,0,1
10017,human,0,0
10018,human,0,0
10019,human,0,1
10020,bot,1,0
10021,human,0,2
10022,bot,1,0
10023,human,0,2
10024,human,0,1
10025,human,0,1
10026,human,0,1
10027,bot,1,2
10028,bot,1,0
10029,human,0,2
10030,human,0,1
10031,human,0,0
10032,human,0,1
10033,human,0,1
10034,human,0,2
10035,bot,1,0
10036,human,0,1
10037,human,0,2
10038,human,0,1
10039,human,0,2
10040,human,0,0
10041,human,0,0
10042,bot,1,2
10043,human,0,1
10044,human,0,2
10045,human,0,0
10046,human,0,2
10047,human,0,2
10048,human,0,0
10049,human,0,1
10050,human,0,1
10051,human,0,2
10052,bot,1,1
10053,bot,1,0
10054,bot,1,1
10055,human,0,0
10056,bot,1,1
10057,human,0,2
10058,human,0,0
10059,human,0,1
10060,bot,1,0
10061,human,0,2
10062,bot,1,0
10063,human,0,1
10064,human,0,2
10065,human,0,0
10066,human,0,1
10067,bot,1,0
10068,human,0,0
10069,bot,1,0
10070,human,0,0
10071,bot,1,0
10072,human,0,2
10073,bot,1,1
10074,bot,1,0
10075,human,0,1
10076,bot,1,1
10077,bot,1,0
10078,human,0,0
10079,bot,1,0
10080,bot,1,2
10081,human,0,0
10082,bot,1,0
10083,human,0,1
10084,human,0,2
10085,human,0,2
10086,human,0,1
10087,bot,1,0
10088,human,0,1
10089,human,0,2
10090,bot,1,1
10091,human,0,2
10092,human,0,0
10093,bot,1,0
10094,human,0,0
10095,human,0,2
10096,human,0,0
10097,human,0,1
10098,human,0,0
10099,human,0,2
10100,bot,1,0
10101,bot,1,0
10102,human,0,0
10103,human,0,0
10104,human,0,2
10105,human,0,1
10106,bot,1,2
10107,human,0,1
10108,human,0,1
10109,human,0,2
10110,human,0,0
10111,human,0,1
10112,bot,1,0
10113,bot,1,0
10114,bot,1,1
10115,bot,1,1
10116,bot,1,1
10117,human,0,1
10118,human,0,1
10119,human,0,2
10120,human,0,0
10121,human,0,2
10122,bot,1,0
10123,human,0,0
10124,human,0,2
10125,bot,1,1
10126,human,0,1
10127,human,0,1
10128,human,0,2
10129,human,0,2
10130,human,0,2
10131,human,0,1
10132,bot,1,0
10133,human,0,2
10134,human,0,0
10135,bot,1,1
10136,human,0,1
10137,human,0,2
10138,human,0,1
10139,human,0,1
10140,human,0,0
10141,human,0,1
10142,bot,1,0
10143,human,0,2
10144,human,0,0
10145,human,0,1
10146,human,0,1
10147,human,0,0
10148,bot,1,0
10149,human,0,0
10150,human,0,1
10151,bot,1,1
10152,human,0,1
10153,bot,1,2
10154,human,0,0
10155,bot,1,0
10156,human,0,0
10157,human,0,0
10158,human,0,2
10159,human,0,1
10160,human,0,0
10161,human,0,0
10162,human,0,0
10163,bot,1,1
10164,bot,1,2
10165,human,0,0
10166,human,0,2
10167,human,0,0
10168,human,0,1
10169,human,0,0
10170,human,0,1
10171,human,0,2
10172,bot,1,0
10173,bot,1,0
10174,human,0,2
10175,human,0,0
10176,human,0,1
10177,human,0,1
10178,bot,1,0
10179,human,0,0
10180,human,0,0
10181,bot,1,2
10182,bot,1,1
10183,human,0,1
10184,human,0,1
10185,human,0,0
10186,human,0,2
10187,human,0,1
10188,human,0,2
10189,human,0,1
10190,human,0,1
10191,bot,1,1
10192,human,0,1
10193,human,0,1
10194,bot,1,0
10195,human,0,2
10196,human,0,0
10197,bot,1,1
10198,human,0,2
